Campaign,Ad Group,Keyword,Criterion Type,Final URL,Причина
CHICAGO | Lux Search | MaxConv 2026,"05 Wolf | Range, Cooktop & Grill",wolf stove repair near me,Exact,https://sterling-homegroup.com/chicago/wolf-range-repair.php,"Запрос принёс 1 конв. за 2 клика ($267,48) через фразовый «wolf repair near me»; точное соответствие поднимет релевантность и снизит CPC"
CHICAGO | Lux Search | MaxConv 2026,"10 Miele | Kitchen, Laundry & General",miele technician near me,Exact,https://sterling-homegroup.com/chicago/miele.php,"Конверсия $42,90"
CHICAGO | Lux Search | MaxConv 2026,15 Other Luxury Brands (PAUSED),marvel wine cooler repair,Exact,https://sterling-homegroup.com/chicago/,"Конверсия $41,78 (запрос «marvel wine cooler service»)"
CHICAGO | Lux Search | MaxConv 2026,15 Other Luxury Brands (PAUSED),fisher and paykel service near me,Exact,https://sterling-homegroup.com/chicago/,"Конверсия 28.09 ($42,94); фразовые F&P ключи при этом слили $306 без конверсий — оставить только точные"
CHICAGO | Lux Search | MaxConv 2026,"12 Thermador | Fridge, Dishwasher & General",thermador repair chicago il,Exact,https://sterling-homegroup.com/chicago/thermador.php,"Группа-лидер (5 конв. за неделю, CPA $56); закрепить варианты запросов"
CHICAGO | Lux Search | MaxConv 2026,03 Sub-Zero | Repair General,sub zero authorized repair,Exact,https://sterling-homegroup.com/chicago/subzero.php,"28.09: 2 конв. за 2 клика ($62,36) через фразовый ключ"
MIAMI | Lux Search | tCPA 2026,"12 Thermador | Fridge, Dishwasher & General",thermador service miami,Exact,https://sterling-homegroup.com/miami/thermador.php,"«thermador service» фразовый ловит «thermador microwave repair» ($75, 0 конв.) — сузить до точных"
TAMPA | Lux Search | tCPA 2026,"11 Thermador | Range, Cooktop & Oven",thermador gas stove repair,Exact,https://sterling-homegroup.com/thermador-range-repair.php,"Конверсия $23,25"
TAMPA | Lux Search | tCPA 2026,"07 Viking | Range, Cooktop & Oven",viking oven repair near me,Exact,https://sterling-homegroup.com/viking-oven-repair.php,"Конверсия $28,79 (сейчас ловится фразовым «viking appliance technician»)"
FL-BROWARD | Sub-Zero | tCPA 2026,14 SZ | Emergency & Same-Day,emergency sub zero repair,Exact,https://subzero-repair.site/fl/repair-near-me,"Конверсия $122,74 через фразовый; точное соответствие + отдельное объявление «Emergency»"
CHI-NORTHWEST | Sub-Zero | tCPA 2026,01 SZ | Refrigerator Repair,subzero refrigerator repair near me,Exact,https://subzero-repair.site/chicago/refrigerator-repair,"Конверсия $66,42 через фразовый «sub zero refrigerator service»"
НОВАЯ: BRAND | Sterling Home Group,Brand,sterling home group,Exact,https://sterling-homegroup.com/,"Ваш бренд: запрос «sterling sub zero» дал 2 конв. за $25,88. Отдельная кампания, Manual CPC $3–5, чтобы бренд не покупался по $30+"
НОВАЯ: BRAND | Sterling Home Group,Brand,sterling sub zero,Exact,https://sterling-homegroup.com/chicago/subzero.php,см. выше
НОВАЯ: BRAND | Sterling Home Group,Brand,sterling homegroup,Exact,https://sterling-homegroup.com/,см. выше
НОВАЯ: BRAND | Sterling Home Group,Brand,sterling appliance repair,Exact,https://sterling-homegroup.com/,см. выше
НОВАЯ: BRAND | Sterling Home Group,Brand,sterling home group reviews,Exact,https://sterling-homegroup.com/,см. выше
