Campaign,Ad Group,Keyword,Criterion Type,Действие / Status,Причина,"Расход 8 дн., $",Клики,Конверсии
DESTIN | Lux Search | tCPA 2026,17 Vacation Rentals & Property Managers,appliance repair santa rosa beach,Phrase,Paused,"Общий запрос без люкс-бренда: $102,40, 4 клика, 0 конв. за 8 дней; ловит «mr appliance santa rosa beach» (конкурент)",102.4,4,0
DESTIN | Lux Search | tCPA 2026,17 Vacation Rentals & Property Managers,(вся группа),,Paused,"Поставить на паузу всю группу или оставить только точные ключи с люкс-брендом («sub zero repair 30a», «wolf repair santa rosa beach»)",,,
CHICAGO | Lux Search | MaxConv 2026,06 Wolf | Oven & General,wolf repair near me,Phrase,Paused → заменить точным,"Фразовый ключ дал 2 клика по $133,74 на запрос «wolf stove repair near me» (1 конв.). Заменить на [wolf repair near me] + [wolf stove repair near me] + [wolf oven repair near me]",267.48,2,1
CHICAGO | Lux Search | MaxConv 2026,15 Other Luxury Brands (PAUSED),jenn air appliance repair,Phrase,Paused,"Jenn-Air — не люкс-сегмент: $175, 0 конв. по всем Jenn-Air ключам за 8 дней",79.02,2,0
CHICAGO | Lux Search | MaxConv 2026,15 Other Luxury Brands (PAUSED),jennair repair,Phrase,Paused,см. выше,13.77,1,0
MIAMI | Lux Search | tCPA 2026,16 Other Luxury Brands (PAUSED),jenn air appliance repair,Phrase,Paused,см. выше,24.93,1,0
MIAMI | Lux Search | tCPA 2026,16 Other Luxury Brands (PAUSED),jennair repair,Phrase,Paused,см. выше,0,0,0
TAMPA | Lux Search | tCPA 2026,16 Other Luxury Brands (PAUSED),jenn air appliance repair,Phrase,Paused,"см. выше ($57,35 за клик «jenn air refrigerator repair»)",79.02,2,0
TAMPA | Lux Search | tCPA 2026,16 Other Luxury Brands (PAUSED),jennair repair,Phrase,Paused,см. выше,0,0,0
CHICAGO | Lux Search | MaxConv 2026,15 Other Luxury Brands (PAUSED),fisher and paykel repair,Phrase,Paused → оставить точные,"Фразовые F&P: $349 за 8 дней, 1 конв. Оставить [fisher and paykel repair], [fisher paykel repair], [fisher and paykel service near me] точными",131.73,4,0
CHICAGO | Lux Search | MaxConv 2026,15 Other Luxury Brands (PAUSED),fisher paykel repair,Phrase,Paused → оставить точные,см. выше,128.53,3,1
MIAMI | Lux Search | tCPA 2026,16 Other Luxury Brands (PAUSED),fisher and paykel repair,Phrase,Paused → оставить точные,см. выше,63.04,2,0
TAMPA | Lux Search | tCPA 2026,16 Other Luxury Brands (PAUSED),fisher and paykel repair,Phrase,Paused → оставить точные,см. выше,26.76,1,0
MIAMI | Lux Search | tCPA 2026,14 Luxury & Built-In (No Brand),high end appliance technician,Phrase,Paused (уже удалён),"Ловил «fulgor milano», «zline», «platinum appliance repair reviews» ($44,30)",44.3,1,0
MIAMI | Lux Search | tCPA 2026,14 Luxury & Built-In (No Brand),luxury appliance repair,Phrase,Изменить на Exact,"Фразовый ловит «jura repair near me», «fulgor milano repair», «smeg refrigerator repair»",20.08,1,0
TAMPA | Lux Search | tCPA 2026,14 Luxury & Built-In (No Brand),luxury appliance repair,Phrase,Изменить на Exact,см. выше,0,0,0
CHICAGO | Lux Search | MaxConv 2026,14 Luxury & Built-In (No Brand),professional range repair,Phrase,Paused (уже удалён),"Ловил «kitchen aid oven repair» ($33,42), «oven repair near me», «ge oven repairs»",33.42,1,0
TAMPA | Lux Search | tCPA 2026,14 Luxury & Built-In (No Brand),built in wine cooler repair,Phrase,Изменить на Exact,"Ловит «wine cooler repair near me», «summit wine cooler repair» без бренда",7.03,1,0
TAMPA | Lux Search | tCPA 2026,14 Luxury & Built-In (No Brand),built in ice maker repair,Phrase,Paused (уже удалён),"Ловил «bosch ice maker repair», «lg craft ice repair», «ge profile icemaker» ($92,46, 0 конв.)",92.46,2,0
MIAMI | Lux Search | tCPA 2026,"12 Thermador | Fridge, Dishwasher & General",thermador service,Phrase,Изменить на Exact,"28.09: «thermador microwave repair» 2 клика $75,46, 0 конв.; неделя: $80,24, 1 конв.",155.7,4,1
FL-MIAMI-DADE | Sub-Zero | tCPA 2026,12 SZ | Installation,sub zero replacement,Phrase,Изменить на Exact,Ловит «custom panels for sub zero refrigerator» (мебельные панели),5.34,1,0
TAMPA | Lux Search | tCPA 2026,14 Luxury & Built-In (No Brand),high end appliance repair,Exact,"Оставить, следить","$159,84 за 8 дней, 1 конв. (CPA $160) — на грани; ловит «high end appliances repair» близким вариантом",159.84,4,1
DESTIN | Lux Search | tCPA 2026,14 Luxury & Built-In (No Brand),high end appliance technician,Phrase,Paused (уже удалён),"Клик «platinum appliance repair reviews» $44,30 — конкурент + reviews",44.3,1,0
CHICAGO | Lux Search | MaxConv 2026,06 Wolf | Oven & General,wolf authorized service,Phrase,Изменить на Exact,"Ловит «wolf microwave repair» ($49,84, 0 конв.)",49.84,1,0
