Campaign,Статус,Дата старта,Бюджет $/день,Бюджет — решение,Пакетная стратегия,Лимит ставки сейчас (из названия),Лимит ставки рекомендуемый,tCPA сейчас,tCPA план,Расход 21–27.09,Клики 21–27.09,Конв. 21–27.09,Расход 28.09 (до 13:00),Клики 28.09,Конв. 28.09,Доля показов (точн.) 21–27.09,Примечание,Действие
FL-BROWARD | Sub-Zero | tCPA 2026,Включено,2026-09-27,350.0,оставить (по вашему решению бюджеты не снижаем),"TA, MI SUBZERO | tCPA 175 | cap 60",60,50,175,"175 до выхода из обучения (≥30 конв. в портфеле), затем −10% каждые 2 недели до $140–150",122.74,1,1.0,236.68,2,1.0,--,,"Объединить 11 FL-кампаний в 3–4 (South FL: Miami-Dade+Broward+Palm Beach; Gulf: Tampa+Pinellas+Sarasota+Naples; Central/North: Orlando+Jacksonville+North-Central+Panhandle) — быстрее обучение, меньше ручной работы; исправить 8 сайтлинков → /fl/ (CSV 06)"
TAMPA | Lux Search | tCPA 2026,Включено,2026-09-21,500.0,оставить (по вашему решению бюджеты не снижаем),FL LUX | tCPA 175 | cap 60,60,50,175,"175 до выхода из обучения (≥30 конв. в портфеле), затем −10% каждые 2 недели до $140–150",655.92,25,4.0,51.52,1,0.0,"66,36%",,Оставить; проверить лимит ставки в пакетной стратегии
CHI-CITY | Sub-Zero | tCPA 2026,Включено,2026-09-27,1000.0,оставить (по вашему решению бюджеты не снижаем),175/45,45,объединить с CHI LUX (cap 60),175,"175 до выхода из обучения (≥30 конв. в портфеле), затем −10% каждые 2 недели до $140–150",10.83,2,0.0,44.42,1,0.0,"50,00%",,Пересечение с CHICAGO Lux (радиус 40 миль покрывает эту зону): вариант А — пауза до выхода Lux из обучения; вариант Б — оставить и добавить минус «sub zero» в CHICAGO Lux
FL-PANHANDLE | Sub-Zero | tCPA 2026,Включено,2026-09-27,800.0,оставить (по вашему решению бюджеты не снижаем),"TA, MI SUBZERO | tCPA 175 | cap 60",60,50,175,"175 до выхода из обучения (≥30 конв. в портфеле), затем −10% каждые 2 недели до $140–150",0.0,0,0.0,0.0,0,0.0,--,0 кликов за 8 дней,"Объединить 11 FL-кампаний в 3–4 (South FL: Miami-Dade+Broward+Palm Beach; Gulf: Tampa+Pinellas+Sarasota+Naples; Central/North: Orlando+Jacksonville+North-Central+Panhandle) — быстрее обучение, меньше ручной работы; исправить 8 сайтлинков → /fl/ (CSV 06)"
DESTIN | Lux Search | tCPA 2026,Включено,2026-09-21,600.0,оставить (по вашему решению бюджеты не снижаем),FL LUX | tCPA 175 | cap 60,60,50,175,"175 до выхода из обучения (≥30 конв. в портфеле), затем −10% каждые 2 недели до $140–150",192.33,10,0.0,86.29,3,0.0,"79,49%",,Оставить; проверить лимит ставки в пакетной стратегии; добавить минус «sub zero» (как в MIAMI/TAMPA) — вариант Б
FL-PALM-BEACH | Sub-Zero | tCPA 2026,Включено,2026-09-26,1500.0,оставить (по вашему решению бюджеты не снижаем),"TA, MI SUBZERO | tCPA 175 | cap 60",60,50,175,"175 до выхода из обучения (≥30 конв. в портфеле), затем −10% каждые 2 недели до $140–150",27.76,1,0.0,7.76,1,0.0,"50,00%",,"Объединить 11 FL-кампаний в 3–4 (South FL: Miami-Dade+Broward+Palm Beach; Gulf: Tampa+Pinellas+Sarasota+Naples; Central/North: Orlando+Jacksonville+North-Central+Panhandle) — быстрее обучение, меньше ручной работы; исправить 8 сайтлинков → /fl/ (CSV 06)"
FL-ORLANDO | Sub-Zero | tCPA 2026,Включено,2026-09-27,500.0,оставить (по вашему решению бюджеты не снижаем),"TA, MI SUBZERO | tCPA 175 | cap 60",60,50,175,"175 до выхода из обучения (≥30 конв. в портфеле), затем −10% каждые 2 недели до $140–150",0.0,0,0.0,69.6,4,0.0,--,,"Объединить 11 FL-кампаний в 3–4 (South FL: Miami-Dade+Broward+Palm Beach; Gulf: Tampa+Pinellas+Sarasota+Naples; Central/North: Orlando+Jacksonville+North-Central+Panhandle) — быстрее обучение, меньше ручной работы; исправить 8 сайтлинков → /fl/ (CSV 06)"
CHI-WEST | Sub-Zero | tCPA 2026,Включено,2026-09-27,1000.0,оставить (по вашему решению бюджеты не снижаем),CHI LUX | tCPA 175 | cap 70,70,60,175,"175 до выхода из обучения (≥30 конв. в портфеле), затем −10% каждые 2 недели до $140–150",2.33,1,1.0,0.0,0,0.0,"50,00%",,Пересечение с CHICAGO Lux (радиус 40 миль покрывает эту зону): вариант А — пауза до выхода Lux из обучения; вариант Б — оставить и добавить минус «sub zero» в CHICAGO Lux
MIAMI | Lux Search | tCPA 2026,Включено,2026-09-21,700.0,оставить (по вашему решению бюджеты не снижаем),FL LUX | tCPA 175 | cap 60,60,50,175,"175 до выхода из обучения (≥30 конв. в портфеле), затем −10% каждые 2 недели до $140–150",1242.93,35,6.0,278.81,6,0.0,"67,08%",,Оставить; проверить лимит ставки в пакетной стратегии
FL-MIAMI-DADE | Sub-Zero | tCPA 2026,Включено,2026-09-26,800.0,оставить (по вашему решению бюджеты не снижаем),"TA, MI SUBZERO | tCPA 175 | cap 60",60,50,175,"175 до выхода из обучения (≥30 конв. в портфеле), затем −10% каждые 2 недели до $140–150",0.0,0,0.0,68.88,3,0.0,"66,67%",,"Объединить 11 FL-кампаний в 3–4 (South FL: Miami-Dade+Broward+Palm Beach; Gulf: Tampa+Pinellas+Sarasota+Naples; Central/North: Orlando+Jacksonville+North-Central+Panhandle) — быстрее обучение, меньше ручной работы; исправить 8 сайтлинков → /fl/ (CSV 06)"
CHI-NORTHWEST | Sub-Zero | tCPA 2026,Включено,2026-09-27,800.0,оставить (по вашему решению бюджеты не снижаем),CHI LUX | tCPA 175 | cap 70,70,60,175,"175 до выхода из обучения (≥30 конв. в портфеле), затем −10% каждые 2 недели до $140–150",66.42,1,1.0,0.0,0,0.0,"27,78%",,Пересечение с CHICAGO Lux (радиус 40 миль покрывает эту зону): вариант А — пауза до выхода Lux из обучения; вариант Б — оставить и добавить минус «sub zero» в CHICAGO Lux
CHI-NORTH-SHORE | Sub-Zero | tCPA 2026,Включено,2026-09-27,800.0,оставить (по вашему решению бюджеты не снижаем),CHI LUX | tCPA 175 | cap 70,70,60,175,"175 до выхода из обучения (≥30 конв. в портфеле), затем −10% каждые 2 недели до $140–150",0.0,0,0.0,77.7,2,0.0,"50,00%",,Пересечение с CHICAGO Lux (радиус 40 миль покрывает эту зону): вариант А — пауза до выхода Lux из обучения; вариант Б — оставить и добавить минус «sub zero» в CHICAGO Lux
CHI-WI-MI | Sub-Zero | tCPA 2026,Включено,2026-09-27,800.0,оставить (по вашему решению бюджеты не снижаем),CHI LUX | tCPA 175 | cap 70,70,60,175,"175 до выхода из обучения (≥30 конв. в портфеле), затем −10% каждые 2 недели до $140–150",64.72,4,0.0,0.0,0,0.0,"40,00%",,Вне радиуса 40 миль — оставить; можно объединить в одну кампанию «CHI-OUTER» (Indiana + Wisconsin/Michigan)
FL-SARASOTA | Sub-Zero | tCPA 2026,Включено,2026-09-26,800.0,оставить (по вашему решению бюджеты не снижаем),"TA, MI SUBZERO | tCPA 175 | cap 60",60,50,175,"175 до выхода из обучения (≥30 конв. в портфеле), затем −10% каждые 2 недели до $140–150",0.0,0,0.0,101.21,1,0.0,--,,"Объединить 11 FL-кампаний в 3–4 (South FL: Miami-Dade+Broward+Palm Beach; Gulf: Tampa+Pinellas+Sarasota+Naples; Central/North: Orlando+Jacksonville+North-Central+Panhandle) — быстрее обучение, меньше ручной работы; исправить 8 сайтлинков → /fl/ (CSV 06)"
CHI-INDIANA | Sub-Zero | tCPA 2026,Включено,2026-09-27,800.0,оставить (по вашему решению бюджеты не снижаем),CHI LUX | tCPA 175 | cap 70,70,60,175,"175 до выхода из обучения (≥30 конв. в портфеле), затем −10% каждые 2 недели до $140–150",16.23,1,0.0,0.0,0,0.0,"50,00%",,Вне радиуса 40 миль — оставить; можно объединить в одну кампанию «CHI-OUTER» (Indiana + Wisconsin/Michigan)
CHI-SOUTH | Sub-Zero | tCPA 2026,Включено,2026-09-27,800.0,оставить (по вашему решению бюджеты не снижаем),CHI LUX | tCPA 175 | cap 70,70,60,175,"175 до выхода из обучения (≥30 конв. в портфеле), затем −10% каждые 2 недели до $140–150",0.0,0,0.0,0.0,0,0.0,"41,67%",0 кликов за 8 дней,Пересечение с CHICAGO Lux (радиус 40 миль покрывает эту зону): вариант А — пауза до выхода Lux из обучения; вариант Б — оставить и добавить минус «sub zero» в CHICAGO Lux
FL-NAPLES-FORT-MYERS | Sub-Zero | tCPA 2026,Включено,2026-09-27,800.0,оставить (по вашему решению бюджеты не снижаем),"TA, MI SUBZERO | tCPA 175 | cap 60",60,50,175,"175 до выхода из обучения (≥30 конв. в портфеле), затем −10% каждые 2 недели до $140–150",3.45,1,0.0,77.84,1,1.0,"25,00%",,"Объединить 11 FL-кампаний в 3–4 (South FL: Miami-Dade+Broward+Palm Beach; Gulf: Tampa+Pinellas+Sarasota+Naples; Central/North: Orlando+Jacksonville+North-Central+Panhandle) — быстрее обучение, меньше ручной работы; исправить 8 сайтлинков → /fl/ (CSV 06)"
FL-PINELLAS | Sub-Zero | tCPA 2026,Включено,2026-09-26,800.0,оставить (по вашему решению бюджеты не снижаем),"TA, MI SUBZERO | tCPA 175 | cap 60",60,50,175,"175 до выхода из обучения (≥30 конв. в портфеле), затем −10% каждые 2 недели до $140–150",104.91,2,0.0,0.0,0,0.0,< 10%,,"Объединить 11 FL-кампаний в 3–4 (South FL: Miami-Dade+Broward+Palm Beach; Gulf: Tampa+Pinellas+Sarasota+Naples; Central/North: Orlando+Jacksonville+North-Central+Panhandle) — быстрее обучение, меньше ручной работы; исправить 8 сайтлинков → /fl/ (CSV 06)"
FL-TAMPA | Sub-Zero | tCPA 2026,Включено,2026-09-27,1500.0,оставить (по вашему решению бюджеты не снижаем),"TA, MI SUBZERO | tCPA 175 | cap 60",60,50,175,"175 до выхода из обучения (≥30 конв. в портфеле), затем −10% каждые 2 недели до $140–150",11.79,1,0.0,0.0,0,0.0,"50,00%",,"Объединить 11 FL-кампаний в 3–4 (South FL: Miami-Dade+Broward+Palm Beach; Gulf: Tampa+Pinellas+Sarasota+Naples; Central/North: Orlando+Jacksonville+North-Central+Panhandle) — быстрее обучение, меньше ручной работы; исправить 8 сайтлинков → /fl/ (CSV 06)"
CHICAGO | Lux Search | MaxConv 2026,Включено,2026-09-20,800.0,оставить (по вашему решению бюджеты не снижаем),CHI LUX | tCPA 175 | cap 70,70,60,175,"175 до выхода из обучения (≥30 конв. в портфеле), затем −10% каждые 2 недели до $140–150",2147.7,64,13.0,301.97,14,4.0,"70,45%",,Переименовать (название «MaxConv» не соответствует стратегии tCPA); проверить историю изменений стратегии — клики $123–134 могли быть при Maximize Conversions без лимита
FL-JACKSONVILLE | Sub-Zero | tCPA 2026,Включено,2026-09-27,800.0,оставить (по вашему решению бюджеты не снижаем),"TA, MI SUBZERO | tCPA 175 | cap 60",60,50,175,"175 до выхода из обучения (≥30 конв. в портфеле), затем −10% каждые 2 недели до $140–150",0.0,0,0.0,0.0,0,0.0,--,0 кликов за 8 дней,"Объединить 11 FL-кампаний в 3–4 (South FL: Miami-Dade+Broward+Palm Beach; Gulf: Tampa+Pinellas+Sarasota+Naples; Central/North: Orlando+Jacksonville+North-Central+Panhandle) — быстрее обучение, меньше ручной работы; исправить 8 сайтлинков → /fl/ (CSV 06)"
FL-NORTH-CENTRAL | Sub-Zero | tCPA 2026,Включено,2026-09-27,200.0,оставить (по вашему решению бюджеты не снижаем),"TA, MI SUBZERO | tCPA 175 | cap 60",60,50,175,"175 до выхода из обучения (≥30 конв. в портфеле), затем −10% каждые 2 недели до $140–150",0.0,0,0.0,0.0,0,0.0,--,0 кликов за 8 дней,"Объединить 11 FL-кампаний в 3–4 (South FL: Miami-Dade+Broward+Palm Beach; Gulf: Tampa+Pinellas+Sarasota+Naples; Central/North: Orlando+Jacksonville+North-Central+Panhandle) — быстрее обучение, меньше ручной работы; исправить 8 сайтлинков → /fl/ (CSV 06); 146 локаций, 31 округ — сельская зона, спрос на Sub-Zero минимален (0 кликов за 8 дней)"
