Тип,Campaign,Ad Group,Что не так,Данные,Что сделать,Приоритет
"RSA (1 из 2 в группе; второе — Average, у него H4 «Certified Luxury Technicians»)",DESTIN | Lux Search | tCPA 2026,"11 Thermador | Range, Cooktop & Oven",Ad strength = Poor,"H1: {KeyWord:Thermador Range Repair} | H2: Thermador Repair {LOCATION(City):Destin} | H3: Thermador Range Repair Destin | H4: Certified Techs, Same-Day | URL: https://sterling-homegroup.com/destin/thermador-range-repair.php","Закрепления одинаковы во всех 660 RSA (H1–H3 → поз. 1, H4–H6 → поз. 2, D1 → поз. 1): они режут комбинации у всех объявлений, но не объясняют, почему именно это — Poor (у второго RSA группы с теми же закреплениями обычно Average). Все 15 заголовков и 4 описания заняты — добавлять нечего. Сделать: оставить 1–2 закрепления на поз. 1 (ключ + город), снять закрепления с H4–H6 и D1, заменить 4–5 однотипных заголовков (H3 «Thermador Range Repair Destin» почти повторяет запасной текст H1 «Thermador Range Repair»; заголовки «Sub-Zero Factory Certified» повторяют колл-аут и сайтлинк про Factory Certified; «Certified Techs, Same-Day», «Same-Day Or Next-Day Visits» повторяют друг друга; H5 «Sub-Zero Factory Certified», D4 «Insured, uniformed, no subcontractors. Sub-Ze…» — про Sub-Zero в объявлении о Thermador, заменить на формулировку про Thermador) на непохожие: симптом, «сегодня», гарантия, район. Точную причину Poor смотреть в интерфейсе: Объявления → Ad strength → «Идеи»",P1
RSA 1 из 2 в группе (оба — Poor),CHI-NORTHWEST | Sub-Zero | tCPA 2026,15 SZ | Cities,Ad strength = Poor,H1: {KeyWord:Sub-Zero Repair Near You} | H2: Sub-Zero Repair {LOCATION(City):NW Suburbs} | H3: Local Sub-Zero Repair Team | H4: Sub-Zero Factory Certified | URL: https://subzero-repair.site/,"Закрепления одинаковы во всех 660 RSA (H1–H3 → поз. 1, H4–H6 → поз. 2, D1 → поз. 1): они режут комбинации у всех объявлений, но не объясняют, почему именно это — Poor (у второго RSA группы с теми же закреплениями обычно Average). Все 15 заголовков и 4 описания заняты — добавлять нечего. Сделать: оставить 1–2 закрепления на поз. 1 (ключ + город), снять закрепления с H4–H6 и D1, заменить 4–5 однотипных заголовков (заголовки «Sub-Zero Factory Certified» повторяют колл-аут и сайтлинк про Factory Certified) на непохожие: симптом, «сегодня», гарантия, район. Точную причину Poor смотреть в интерфейсе: Объявления → Ad strength → «Идеи»",P1
RSA 2 из 2 в группе (оба — Poor),CHI-NORTHWEST | Sub-Zero | tCPA 2026,15 SZ | Cities,Ad strength = Poor,"H1: {KeyWord:Sub-Zero Repair Near You} | H2: Sub-Zero Repair {LOCATION(City):NW Suburbs} | H3: Local Sub-Zero Repair Team | H4: Factory Certified, Same-Day | URL: https://subzero-repair.site/","Закрепления одинаковы во всех 660 RSA (H1–H3 → поз. 1, H4–H6 → поз. 2, D1 → поз. 1): они режут комбинации у всех объявлений, но не объясняют, почему именно это — Poor (у второго RSA группы с теми же закреплениями обычно Average). Все 15 заголовков и 4 описания заняты — добавлять нечего. Сделать: оставить 1–2 закрепления на поз. 1 (ключ + город), снять закрепления с H4–H6 и D1, заменить 4–5 однотипных заголовков (заголовки «Factory Certified, Same-Day», «Sub-Zero Factory Certified» повторяют колл-аут и сайтлинк про Factory Certified; «Factory Certified, Same-Day», «Same-Day Or Next-Day Visits» повторяют друг друга) на непохожие: симптом, «сегодня», гарантия, район. Точную причину Poor смотреть в интерфейсе: Объявления → Ad strength → «Идеи»",P1
"RSA (1 из 2 в группе; второе — Average, у него H4 «Factory Certified, Same-Day»)",CHI-SOUTH | Sub-Zero | tCPA 2026,13 SZ | Compressor & Sealed System,Ad strength = Poor,H1: {KeyWord:Sub-Zero Compressor Repair} | H2: Sub-Zero Repair {LOCATION(City):SW Suburbs} | H3: Sub-Zero Compressor Repair | H4: Sub-Zero Factory Certified | URL: https://subzero-repair.site/chicago/not-cooling,"Закрепления одинаковы во всех 660 RSA (H1–H3 → поз. 1, H4–H6 → поз. 2, D1 → поз. 1): они режут комбинации у всех объявлений, но не объясняют, почему именно это — Poor (у второго RSA группы с теми же закреплениями обычно Average). Все 15 заголовков и 4 описания заняты — добавлять нечего. Сделать: оставить 1–2 закрепления на поз. 1 (ключ + город), снять закрепления с H4–H6 и D1, заменить 4–5 однотипных заголовков (H3 «Sub-Zero Compressor Repair» дословно повторяет запасной текст H1; заголовки «Sub-Zero Factory Certified» повторяют колл-аут и сайтлинк про Factory Certified) на непохожие: симптом, «сегодня», гарантия, район. Точную причину Poor смотреть в интерфейсе: Объявления → Ad strength → «Идеи»",P1
"RSA (1 из 2 в группе; второе — Average, у него H4 «Sub-Zero Factory Certified»)",CHI-INDIANA | Sub-Zero | tCPA 2026,09 SZ | Service & Maintenance,Ad strength = Poor,"H1: {KeyWord:Sub-Zero Service & Maintenance} | H2: Sub-Zero Repair {LOCATION(City):NW Indiana} | H3: Sub-Zero Service & Maintenance | H4: Factory Certified, Same-Day | URL: https://subzero-repair.site/chicago/service-maintenance","Закрепления одинаковы во всех 660 RSA (H1–H3 → поз. 1, H4–H6 → поз. 2, D1 → поз. 1): они режут комбинации у всех объявлений, но не объясняют, почему именно это — Poor (у второго RSA группы с теми же закреплениями обычно Average). Все 15 заголовков и 4 описания заняты — добавлять нечего. Сделать: оставить 1–2 закрепления на поз. 1 (ключ + город), снять закрепления с H4–H6 и D1, заменить 4–5 однотипных заголовков (H3 «Sub-Zero Service & Maintenance» дословно повторяет запасной текст H1; заголовки «Factory Certified, Same-Day», «Sub-Zero Factory Certified» повторяют колл-аут и сайтлинк про Factory Certified; «Factory Certified, Same-Day», «Same-Day Or Next-Day Visits» повторяют друг друга) на непохожие: симптом, «сегодня», гарантия, район. Точную причину Poor смотреть в интерфейсе: Объявления → Ad strength → «Идеи»",P1
"RSA (1 из 2 в группе; второе — Average, у него H4 «Factory Certified, Same-Day»)",CHI-INDIANA | Sub-Zero | tCPA 2026,06 SZ | Leaking Water,Ad strength = Poor,H1: {KeyWord:Sub-Zero Leaking Water Repair} | H2: Sub-Zero Repair {LOCATION(City):NW Indiana} | H3: Sub-Zero Leaking Water Repair | H4: Sub-Zero Factory Certified | URL: https://subzero-repair.site/chicago/leaking-water,"Закрепления одинаковы во всех 660 RSA (H1–H3 → поз. 1, H4–H6 → поз. 2, D1 → поз. 1): они режут комбинации у всех объявлений, но не объясняют, почему именно это — Poor (у второго RSA группы с теми же закреплениями обычно Average). Все 15 заголовков и 4 описания заняты — добавлять нечего. Сделать: оставить 1–2 закрепления на поз. 1 (ключ + город), снять закрепления с H4–H6 и D1, заменить 4–5 однотипных заголовков (H3 «Sub-Zero Leaking Water Repair» дословно повторяет запасной текст H1; заголовки «Sub-Zero Factory Certified» повторяют колл-аут и сайтлинк про Factory Certified) на непохожие: симптом, «сегодня», гарантия, район. Точную причину Poor смотреть в интерфейсе: Объявления → Ad strength → «Идеи»",P1
"RSA (1 из 2 в группе; второе — Average, у него H4 «Factory Certified, Same-Day»)",CHI-INDIANA | Sub-Zero | tCPA 2026,08 SZ | Repair General,Ad strength = Poor,H1: {KeyWord:Sub-Zero Repair Florida} | H2: Sub-Zero Repair {LOCATION(City):NW Indiana} | H3: Sub-Zero Appliance Repair | H4: Sub-Zero Factory Certified | URL: https://subzero-repair.site/chicago/repair-near-me,"Закрепления одинаковы во всех 660 RSA (H1–H3 → поз. 1, H4–H6 → поз. 2, D1 → поз. 1): они режут комбинации у всех объявлений, но не объясняют, почему именно это — Poor (у второго RSA группы с теми же закреплениями обычно Average). Все 15 заголовков и 4 описания заняты — добавлять нечего. Сделать: оставить 1–2 закрепления на поз. 1 (ключ + город), снять закрепления с H4–H6 и D1, заменить 4–5 однотипных заголовков (заголовки «Sub-Zero Factory Certified» повторяют колл-аут и сайтлинк про Factory Certified) на непохожие: симптом, «сегодня», гарантия, район. Точную причину Poor смотреть в интерфейсе: Объявления → Ad strength → «Идеи»",P1
RSA 1 из 2 в группе (оба — Poor),CHI-INDIANA | Sub-Zero | tCPA 2026,10 SZ | Certified & Authorized,Ad strength = Poor,H1: {KeyWord:Sub-Zero Certified Repair} | H2: Sub-Zero Repair {LOCATION(City):NW Indiana} | H3: Sub-Zero Certified Repair | H4: Same-Day Or Next-Day Visits | URL: https://subzero-repair.site/chicago/factory-certified,"Закрепления одинаковы во всех 660 RSA (H1–H3 → поз. 1, H4–H6 → поз. 2, D1 → поз. 1): они режут комбинации у всех объявлений, но не объясняют, почему именно это — Poor (у второго RSA группы с теми же закреплениями обычно Average). Все 15 заголовков и 4 описания заняты — добавлять нечего. Сделать: оставить 1–2 закрепления на поз. 1 (ключ + город), снять закрепления с H4–H6 и D1, заменить 4–5 однотипных заголовков (H3 «Sub-Zero Certified Repair» дословно повторяет запасной текст H1; заголовки «Factory Certified, Same-Day», «Factory-Trained Technicians» повторяют колл-аут и сайтлинк про Factory Certified; «Same-Day Or Next-Day Visits», «Factory Certified, Same-Day» повторяют друг друга) на непохожие: симптом, «сегодня», гарантия, район. Точную причину Poor смотреть в интерфейсе: Объявления → Ad strength → «Идеи»",P1
RSA 2 из 2 в группе (оба — Poor),CHI-INDIANA | Sub-Zero | tCPA 2026,10 SZ | Certified & Authorized,Ad strength = Poor,H1: {KeyWord:Sub-Zero Certified Repair} | H2: Sub-Zero Repair {LOCATION(City):NW Indiana} | H3: Sub-Zero Certified Repair | H4: Call Now – A Person Answers | URL: https://subzero-repair.site/chicago/factory-certified,"Закрепления одинаковы во всех 660 RSA (H1–H3 → поз. 1, H4–H6 → поз. 2, D1 → поз. 1): они режут комбинации у всех объявлений, но не объясняют, почему именно это — Poor (у второго RSA группы с теми же закреплениями обычно Average). Все 15 заголовков и 4 описания заняты — добавлять нечего. Сделать: оставить 1–2 закрепления на поз. 1 (ключ + город), снять закрепления с H4–H6 и D1, заменить 4–5 однотипных заголовков (H3 «Sub-Zero Certified Repair» дословно повторяет запасной текст H1; заголовки «Factory-Trained Technicians» повторяют колл-аут и сайтлинк про Factory Certified) на непохожие: симптом, «сегодня», гарантия, район. Точную причину Poor смотреть в интерфейсе: Объявления → Ad strength → «Идеи»",P1
"RSA (1 из 2 в группе; второе — Average, у него H4 «Factory Certified, Same-Day»)",CHI-INDIANA | Sub-Zero | tCPA 2026,11 SZ | Models & Series,Ad strength = Poor,"H1: {KeyWord:Sub-Zero Series Repair} | H2: Sub-Zero Repair {LOCATION(City):NW Indiana} | H3: PRO 48, 600 & 700 Series Fixed | H4: Sub-Zero Factory Certified | URL: https://subzero-repair.site/chicago/models","Закрепления одинаковы во всех 660 RSA (H1–H3 → поз. 1, H4–H6 → поз. 2, D1 → поз. 1): они режут комбинации у всех объявлений, но не объясняют, почему именно это — Poor (у второго RSA группы с теми же закреплениями обычно Average). Все 15 заголовков и 4 описания заняты — добавлять нечего. Сделать: оставить 1–2 закрепления на поз. 1 (ключ + город), снять закрепления с H4–H6 и D1, заменить 4–5 однотипных заголовков (заголовки «Sub-Zero Factory Certified» повторяют колл-аут и сайтлинк про Factory Certified) на непохожие: симптом, «сегодня», гарантия, район. Точную причину Poor смотреть в интерфейсе: Объявления → Ad strength → «Идеи»",P1
"RSA (1 из 2 в группе; второе — Average, у него H4 «Factory Certified, Same-Day»)",CHI-INDIANA | Sub-Zero | tCPA 2026,04 SZ | Ice Maker Repair,Ad strength = Poor,H1: {KeyWord:Sub-Zero Ice Maker Repair} | H2: Sub-Zero Repair {LOCATION(City):NW Indiana} | H3: Sub-Zero Ice Maker Repair | H4: Sub-Zero Factory Certified | URL: https://subzero-repair.site/chicago/ice-maker-repair,"Закрепления одинаковы во всех 660 RSA (H1–H3 → поз. 1, H4–H6 → поз. 2, D1 → поз. 1): они режут комбинации у всех объявлений, но не объясняют, почему именно это — Poor (у второго RSA группы с теми же закреплениями обычно Average). Все 15 заголовков и 4 описания заняты — добавлять нечего. Сделать: оставить 1–2 закрепления на поз. 1 (ключ + город), снять закрепления с H4–H6 и D1, заменить 4–5 однотипных заголовков (H3 «Sub-Zero Ice Maker Repair» дословно повторяет запасной текст H1; заголовки «Sub-Zero Factory Certified» повторяют колл-аут и сайтлинк про Factory Certified) на непохожие: симптом, «сегодня», гарантия, район. Точную причину Poor смотреть в интерфейсе: Объявления → Ad strength → «Идеи»",P1
"RSA (1 из 2 в группе; второе — Average, у него H4 «Factory Certified, Same-Day»)",CHI-INDIANA | Sub-Zero | tCPA 2026,01 SZ | Refrigerator Repair,Ad strength = Poor,H1: {KeyWord:Sub-Zero Refrigerator Repair} | H2: Sub-Zero Repair {LOCATION(City):NW Indiana} | H3: Sub-Zero Refrigerator Repair | H4: Sub-Zero Factory Certified | URL: https://subzero-repair.site/chicago/refrigerator-repair,"Закрепления одинаковы во всех 660 RSA (H1–H3 → поз. 1, H4–H6 → поз. 2, D1 → поз. 1): они режут комбинации у всех объявлений, но не объясняют, почему именно это — Poor (у второго RSA группы с теми же закреплениями обычно Average). Все 15 заголовков и 4 описания заняты — добавлять нечего. Сделать: оставить 1–2 закрепления на поз. 1 (ключ + город), снять закрепления с H4–H6 и D1, заменить 4–5 однотипных заголовков (H3 «Sub-Zero Refrigerator Repair» дословно повторяет запасной текст H1; заголовки «Sub-Zero Factory Certified» повторяют колл-аут и сайтлинк про Factory Certified) на непохожие: симптом, «сегодня», гарантия, район. Точную причину Poor смотреть в интерфейсе: Объявления → Ad strength → «Идеи»",P1
"RSA (1 из 2 в группе; второе — Average, у него H4 «Factory Certified, Same-Day»)",CHI-INDIANA | Sub-Zero | tCPA 2026,05 SZ | Wine Cooler Repair,Ad strength = Poor,H1: {KeyWord:Sub-Zero Wine Cooler Repair} | H2: Sub-Zero Repair {LOCATION(City):NW Indiana} | H3: Sub-Zero Wine Cooler Repair | H4: Sub-Zero Factory Certified | URL: https://subzero-repair.site/chicago/wine-cooler-repair,"Закрепления одинаковы во всех 660 RSA (H1–H3 → поз. 1, H4–H6 → поз. 2, D1 → поз. 1): они режут комбинации у всех объявлений, но не объясняют, почему именно это — Poor (у второго RSA группы с теми же закреплениями обычно Average). Все 15 заголовков и 4 описания заняты — добавлять нечего. Сделать: оставить 1–2 закрепления на поз. 1 (ключ + город), снять закрепления с H4–H6 и D1, заменить 4–5 однотипных заголовков (H3 «Sub-Zero Wine Cooler Repair» дословно повторяет запасной текст H1; заголовки «Sub-Zero Factory Certified» повторяют колл-аут и сайтлинк про Factory Certified) на непохожие: симптом, «сегодня», гарантия, район. Точную причину Poor смотреть в интерфейсе: Объявления → Ad strength → «Идеи»",P1
"RSA (1 из 2 в группе; второе — Average, у него H4 «Factory Certified, Same-Day»)",CHI-WI-MI | Sub-Zero | tCPA 2026,13 SZ | Compressor & Sealed System,Ad strength = Poor,H1: {KeyWord:Sub-Zero Compressor Repair} | H2: Sub-Zero Repair {LOCATION(City):Near You} | H3: Sub-Zero Compressor Repair | H4: Sub-Zero Factory Certified | URL: https://subzero-repair.site/chicago/not-cooling,"Закрепления одинаковы во всех 660 RSA (H1–H3 → поз. 1, H4–H6 → поз. 2, D1 → поз. 1): они режут комбинации у всех объявлений, но не объясняют, почему именно это — Poor (у второго RSA группы с теми же закреплениями обычно Average). Все 15 заголовков и 4 описания заняты — добавлять нечего. Сделать: оставить 1–2 закрепления на поз. 1 (ключ + город), снять закрепления с H4–H6 и D1, заменить 4–5 однотипных заголовков (H3 «Sub-Zero Compressor Repair» дословно повторяет запасной текст H1; заголовки «Sub-Zero Factory Certified» повторяют колл-аут и сайтлинк про Factory Certified) на непохожие: симптом, «сегодня», гарантия, район. Точную причину Poor смотреть в интерфейсе: Объявления → Ad strength → «Идеи»",P1
"RSA (1 из 2 в группе; второе — Average, у него H4 «Factory Certified, Same-Day»)",CHI-WI-MI | Sub-Zero | tCPA 2026,06 SZ | Leaking Water,Ad strength = Poor,H1: {KeyWord:Sub-Zero Leaking Water Repair} | H2: Sub-Zero Repair {LOCATION(City):Near You} | H3: Sub-Zero Leaking Water Repair | H4: Sub-Zero Factory Certified | URL: https://subzero-repair.site/chicago/leaking-water,"Закрепления одинаковы во всех 660 RSA (H1–H3 → поз. 1, H4–H6 → поз. 2, D1 → поз. 1): они режут комбинации у всех объявлений, но не объясняют, почему именно это — Poor (у второго RSA группы с теми же закреплениями обычно Average). Все 15 заголовков и 4 описания заняты — добавлять нечего. Сделать: оставить 1–2 закрепления на поз. 1 (ключ + город), снять закрепления с H4–H6 и D1, заменить 4–5 однотипных заголовков (H3 «Sub-Zero Leaking Water Repair» дословно повторяет запасной текст H1; заголовки «Sub-Zero Factory Certified» повторяют колл-аут и сайтлинк про Factory Certified) на непохожие: симптом, «сегодня», гарантия, район. Точную причину Poor смотреть в интерфейсе: Объявления → Ad strength → «Идеи»",P1
"RSA (1 из 2 в группе; второе — Average, у него H4 «Factory Certified, Same-Day»)",CHI-WI-MI | Sub-Zero | tCPA 2026,12 SZ | Installation,Ad strength = Poor,H1: {KeyWord:Sub-Zero Installation} | H2: Sub-Zero Repair {LOCATION(City):Near You} | H3: Sub-Zero Installation | H4: Sub-Zero Factory Certified | URL: https://subzero-repair.site/chicago/installation,"Закрепления одинаковы во всех 660 RSA (H1–H3 → поз. 1, H4–H6 → поз. 2, D1 → поз. 1): они режут комбинации у всех объявлений, но не объясняют, почему именно это — Poor (у второго RSA группы с теми же закреплениями обычно Average). Все 15 заголовков и 4 описания заняты — добавлять нечего. Сделать: оставить 1–2 закрепления на поз. 1 (ключ + город), снять закрепления с H4–H6 и D1, заменить 4–5 однотипных заголовков (H3 «Sub-Zero Installation» дословно повторяет запасной текст H1; заголовки «Sub-Zero Factory Certified» повторяют колл-аут и сайтлинк про Factory Certified) на непохожие: симптом, «сегодня», гарантия, район. Точную причину Poor смотреть в интерфейсе: Объявления → Ad strength → «Идеи»",P1
"RSA (1 из 2 в группе; второе — Average, у него H4 «Factory Certified, Same-Day»)",CHI-WI-MI | Sub-Zero | tCPA 2026,08 SZ | Repair General,Ad strength = Poor,H1: {KeyWord:Sub-Zero Repair Florida} | H2: Sub-Zero Repair {LOCATION(City):Near You} | H3: Sub-Zero Appliance Repair | H4: Sub-Zero Factory Certified | URL: https://subzero-repair.site/chicago/repair-near-me,"Закрепления одинаковы во всех 660 RSA (H1–H3 → поз. 1, H4–H6 → поз. 2, D1 → поз. 1): они режут комбинации у всех объявлений, но не объясняют, почему именно это — Poor (у второго RSA группы с теми же закреплениями обычно Average). Все 15 заголовков и 4 описания заняты — добавлять нечего. Сделать: оставить 1–2 закрепления на поз. 1 (ключ + город), снять закрепления с H4–H6 и D1, заменить 4–5 однотипных заголовков (заголовки «Sub-Zero Factory Certified» повторяют колл-аут и сайтлинк про Factory Certified) на непохожие: симптом, «сегодня», гарантия, район. Точную причину Poor смотреть в интерфейсе: Объявления → Ad strength → «Идеи»",P1
"RSA (1 из 2 в группе; второе — Average, у него H4 «Factory Certified, Same-Day»)",CHI-WI-MI | Sub-Zero | tCPA 2026,05 SZ | Wine Cooler Repair,Ad strength = Poor,H1: {KeyWord:Sub-Zero Wine Cooler Repair} | H2: Sub-Zero Repair {LOCATION(City):Near You} | H3: Sub-Zero Wine Cooler Repair | H4: Sub-Zero Factory Certified | URL: https://subzero-repair.site/chicago/wine-cooler-repair,"Закрепления одинаковы во всех 660 RSA (H1–H3 → поз. 1, H4–H6 → поз. 2, D1 → поз. 1): они режут комбинации у всех объявлений, но не объясняют, почему именно это — Poor (у второго RSA группы с теми же закреплениями обычно Average). Все 15 заголовков и 4 описания заняты — добавлять нечего. Сделать: оставить 1–2 закрепления на поз. 1 (ключ + город), снять закрепления с H4–H6 и D1, заменить 4–5 однотипных заголовков (H3 «Sub-Zero Wine Cooler Repair» дословно повторяет запасной текст H1; заголовки «Sub-Zero Factory Certified» повторяют колл-аут и сайтлинк про Factory Certified) на непохожие: симптом, «сегодня», гарантия, район. Точную причину Poor смотреть в интерфейсе: Объявления → Ad strength → «Идеи»",P1
"RSA (1 из 2 в группе; второе — Average, у него H4 «Factory Certified, Same-Day»)",CHI-WI-MI | Sub-Zero | tCPA 2026,11 SZ | Models & Series,Ad strength = Poor,"H1: {KeyWord:Sub-Zero Series Repair} | H2: Sub-Zero Repair {LOCATION(City):Near You} | H3: PRO 48, 600 & 700 Series Fixed | H4: Sub-Zero Factory Certified | URL: https://subzero-repair.site/chicago/models","Закрепления одинаковы во всех 660 RSA (H1–H3 → поз. 1, H4–H6 → поз. 2, D1 → поз. 1): они режут комбинации у всех объявлений, но не объясняют, почему именно это — Poor (у второго RSA группы с теми же закреплениями обычно Average). Все 15 заголовков и 4 описания заняты — добавлять нечего. Сделать: оставить 1–2 закрепления на поз. 1 (ключ + город), снять закрепления с H4–H6 и D1, заменить 4–5 однотипных заголовков (заголовки «Sub-Zero Factory Certified» повторяют колл-аут и сайтлинк про Factory Certified) на непохожие: симптом, «сегодня», гарантия, район. Точную причину Poor смотреть в интерфейсе: Объявления → Ad strength → «Идеи»",P1
"RSA (1 из 2 в группе; второе — Average, у него H4 «Factory Certified, Same-Day»)",CHI-WI-MI | Sub-Zero | tCPA 2026,01 SZ | Refrigerator Repair,Ad strength = Poor,H1: {KeyWord:Sub-Zero Refrigerator Repair} | H2: Sub-Zero Repair {LOCATION(City):Near You} | H3: Sub-Zero Refrigerator Repair | H4: Sub-Zero Factory Certified | URL: https://subzero-repair.site/chicago/refrigerator-repair,"Закрепления одинаковы во всех 660 RSA (H1–H3 → поз. 1, H4–H6 → поз. 2, D1 → поз. 1): они режут комбинации у всех объявлений, но не объясняют, почему именно это — Poor (у второго RSA группы с теми же закреплениями обычно Average). Все 15 заголовков и 4 описания заняты — добавлять нечего. Сделать: оставить 1–2 закрепления на поз. 1 (ключ + город), снять закрепления с H4–H6 и D1, заменить 4–5 однотипных заголовков (H3 «Sub-Zero Refrigerator Repair» дословно повторяет запасной текст H1; заголовки «Sub-Zero Factory Certified» повторяют колл-аут и сайтлинк про Factory Certified) на непохожие: симптом, «сегодня», гарантия, район. Точную причину Poor смотреть в интерфейсе: Объявления → Ad strength → «Идеи»",P1
"RSA (1 из 2 в группе; второе — Average, у него H4 «Same-Day Or Next-Day Visits»)",CHI-WI-MI | Sub-Zero | tCPA 2026,10 SZ | Certified & Authorized,Ad strength = Poor,H1: {KeyWord:Sub-Zero Certified Repair} | H2: Sub-Zero Repair {LOCATION(City):Near You} | H3: Sub-Zero Certified Repair | H4: Call Now – A Person Answers | URL: https://subzero-repair.site/chicago/factory-certified,"Закрепления одинаковы во всех 660 RSA (H1–H3 → поз. 1, H4–H6 → поз. 2, D1 → поз. 1): они режут комбинации у всех объявлений, но не объясняют, почему именно это — Poor (у второго RSA группы с теми же закреплениями обычно Average). Все 15 заголовков и 4 описания заняты — добавлять нечего. Сделать: оставить 1–2 закрепления на поз. 1 (ключ + город), снять закрепления с H4–H6 и D1, заменить 4–5 однотипных заголовков (H3 «Sub-Zero Certified Repair» дословно повторяет запасной текст H1; заголовки «Factory-Trained Technicians» повторяют колл-аут и сайтлинк про Factory Certified) на непохожие: симптом, «сегодня», гарантия, район. Точную причину Poor смотреть в интерфейсе: Объявления → Ad strength → «Идеи»",P1
RSA 1 из 2 в группе (оба — Poor),CHI-WI-MI | Sub-Zero | tCPA 2026,15 SZ | Cities,Ad strength = Poor,"H1: {KeyWord:Sub-Zero Repair Near You} | H2: Sub-Zero Repair {LOCATION(City):Near You} | H3: Local Sub-Zero Repair Team | H4: Factory Certified, Same-Day | URL: https://subzero-repair.site/","Закрепления одинаковы во всех 660 RSA (H1–H3 → поз. 1, H4–H6 → поз. 2, D1 → поз. 1): они режут комбинации у всех объявлений, но не объясняют, почему именно это — Poor (у второго RSA группы с теми же закреплениями обычно Average). Все 15 заголовков и 4 описания заняты — добавлять нечего. Сделать: оставить 1–2 закрепления на поз. 1 (ключ + город), снять закрепления с H4–H6 и D1, заменить 4–5 однотипных заголовков (заголовки «Factory Certified, Same-Day», «Sub-Zero Factory Certified» повторяют колл-аут и сайтлинк про Factory Certified; «Factory Certified, Same-Day», «Same-Day Or Next-Day Visits» повторяют друг друга) на непохожие: симптом, «сегодня», гарантия, район. Точную причину Poor смотреть в интерфейсе: Объявления → Ad strength → «Идеи»",P1
RSA 2 из 2 в группе (оба — Poor),CHI-WI-MI | Sub-Zero | tCPA 2026,15 SZ | Cities,Ad strength = Poor,H1: {KeyWord:Sub-Zero Repair Near You} | H2: Sub-Zero Repair {LOCATION(City):Near You} | H3: Local Sub-Zero Repair Team | H4: Sub-Zero Factory Certified | URL: https://subzero-repair.site/,"Закрепления одинаковы во всех 660 RSA (H1–H3 → поз. 1, H4–H6 → поз. 2, D1 → поз. 1): они режут комбинации у всех объявлений, но не объясняют, почему именно это — Poor (у второго RSA группы с теми же закреплениями обычно Average). Все 15 заголовков и 4 описания заняты — добавлять нечего. Сделать: оставить 1–2 закрепления на поз. 1 (ключ + город), снять закрепления с H4–H6 и D1, заменить 4–5 однотипных заголовков (заголовки «Sub-Zero Factory Certified» повторяют колл-аут и сайтлинк про Factory Certified) на непохожие: симптом, «сегодня», гарантия, район. Точную причину Poor смотреть в интерфейсе: Объявления → Ad strength → «Идеи»",P1
RSA 1 из 2 в группе (оба — Poor),FL-PINELLAS | Sub-Zero | tCPA 2026,15 SZ | Cities,Ad strength = Poor,"H1: {KeyWord:Sub-Zero Repair Near You} | H2: Sub-Zero Repair {LOCATION(City):Near You} | H3: Local Sub-Zero Repair Team | H4: Factory Certified, Same-Day | URL: https://subzero-repair.site/fl/","Закрепления одинаковы во всех 660 RSA (H1–H3 → поз. 1, H4–H6 → поз. 2, D1 → поз. 1): они режут комбинации у всех объявлений, но не объясняют, почему именно это — Poor (у второго RSA группы с теми же закреплениями обычно Average). Все 15 заголовков и 4 описания заняты — добавлять нечего. Сделать: оставить 1–2 закрепления на поз. 1 (ключ + город), снять закрепления с H4–H6 и D1, заменить 4–5 однотипных заголовков (заголовки «Factory Certified, Same-Day», «Sub-Zero Factory Certified» повторяют колл-аут и сайтлинк про Factory Certified; «Factory Certified, Same-Day», «Same-Day Or Next-Day Visits» повторяют друг друга) на непохожие: симптом, «сегодня», гарантия, район. Точную причину Poor смотреть в интерфейсе: Объявления → Ad strength → «Идеи»",P1
RSA 2 из 2 в группе (оба — Poor),FL-PINELLAS | Sub-Zero | tCPA 2026,15 SZ | Cities,Ad strength = Poor,H1: {KeyWord:Sub-Zero Repair Near You} | H2: Sub-Zero Repair {LOCATION(City):Near You} | H3: Local Sub-Zero Repair Team | H4: Sub-Zero Factory Certified | URL: https://subzero-repair.site/fl/,"Закрепления одинаковы во всех 660 RSA (H1–H3 → поз. 1, H4–H6 → поз. 2, D1 → поз. 1): они режут комбинации у всех объявлений, но не объясняют, почему именно это — Poor (у второго RSA группы с теми же закреплениями обычно Average). Все 15 заголовков и 4 описания заняты — добавлять нечего. Сделать: оставить 1–2 закрепления на поз. 1 (ключ + город), снять закрепления с H4–H6 и D1, заменить 4–5 однотипных заголовков (заголовки «Sub-Zero Factory Certified» повторяют колл-аут и сайтлинк про Factory Certified) на непохожие: симптом, «сегодня», гарантия, район. Точную причину Poor смотреть в интерфейсе: Объявления → Ad strength → «Идеи»",P1
RSA 1 из 2 в группе (оба — Poor),FL-SARASOTA | Sub-Zero | tCPA 2026,15 SZ | Cities,Ad strength = Poor,"H1: {KeyWord:Sub-Zero Repair Near You} | H2: Sub-Zero Repair {LOCATION(City):Near You} | H3: Local Sub-Zero Repair Team | H4: Factory Certified, Same-Day | URL: https://subzero-repair.site/fl/","Закрепления одинаковы во всех 660 RSA (H1–H3 → поз. 1, H4–H6 → поз. 2, D1 → поз. 1): они режут комбинации у всех объявлений, но не объясняют, почему именно это — Poor (у второго RSA группы с теми же закреплениями обычно Average). Все 15 заголовков и 4 описания заняты — добавлять нечего. Сделать: оставить 1–2 закрепления на поз. 1 (ключ + город), снять закрепления с H4–H6 и D1, заменить 4–5 однотипных заголовков (заголовки «Factory Certified, Same-Day», «Sub-Zero Factory Certified» повторяют колл-аут и сайтлинк про Factory Certified; «Factory Certified, Same-Day», «Same-Day Or Next-Day Visits» повторяют друг друга) на непохожие: симптом, «сегодня», гарантия, район. Точную причину Poor смотреть в интерфейсе: Объявления → Ad strength → «Идеи»",P1
RSA 2 из 2 в группе (оба — Poor),FL-SARASOTA | Sub-Zero | tCPA 2026,15 SZ | Cities,Ad strength = Poor,H1: {KeyWord:Sub-Zero Repair Near You} | H2: Sub-Zero Repair {LOCATION(City):Near You} | H3: Local Sub-Zero Repair Team | H4: Sub-Zero Factory Certified | URL: https://subzero-repair.site/fl/,"Закрепления одинаковы во всех 660 RSA (H1–H3 → поз. 1, H4–H6 → поз. 2, D1 → поз. 1): они режут комбинации у всех объявлений, но не объясняют, почему именно это — Poor (у второго RSA группы с теми же закреплениями обычно Average). Все 15 заголовков и 4 описания заняты — добавлять нечего. Сделать: оставить 1–2 закрепления на поз. 1 (ключ + город), снять закрепления с H4–H6 и D1, заменить 4–5 однотипных заголовков (заголовки «Sub-Zero Factory Certified» повторяют колл-аут и сайтлинк про Factory Certified) на непохожие: симптом, «сегодня», гарантия, район. Точную причину Poor смотреть в интерфейсе: Объявления → Ad strength → «Идеи»",P1
"RSA (1 из 2 в группе; второе — Average, у него H4 «Factory Certified, Same-Day»)",FL-ORLANDO | Sub-Zero | tCPA 2026,15 SZ | Cities,Ad strength = Poor,H1: {KeyWord:Sub-Zero Repair Near You} | H2: Sub-Zero Repair {LOCATION(City):Near You} | H3: Local Sub-Zero Repair Team | H4: Sub-Zero Factory Certified | URL: https://subzero-repair.site/fl/,"Закрепления одинаковы во всех 660 RSA (H1–H3 → поз. 1, H4–H6 → поз. 2, D1 → поз. 1): они режут комбинации у всех объявлений, но не объясняют, почему именно это — Poor (у второго RSA группы с теми же закреплениями обычно Average). Все 15 заголовков и 4 описания заняты — добавлять нечего. Сделать: оставить 1–2 закрепления на поз. 1 (ключ + город), снять закрепления с H4–H6 и D1, заменить 4–5 однотипных заголовков (заголовки «Sub-Zero Factory Certified» повторяют колл-аут и сайтлинк про Factory Certified) на непохожие: симптом, «сегодня», гарантия, район. Точную причину Poor смотреть в интерфейсе: Объявления → Ad strength → «Идеи»",P1
RSA 1 из 2 в группе,CHI-CITY | Sub-Zero | tCPA 2026,08 SZ | Repair General,Гео-ошибка в тексте,{KeyWord:Sub-Zero Repair Florida},"Запасной текст H1 «Sub-Zero Repair Florida» в чикагской кампании. Заменить на «Chicago Sub-Zero Repair» (≤30 символов; текст не совпадает ни с H3 «Sub-Zero Appliance Repair», ни с запасным текстом H2 «Sub-Zero Repair + зона»)",P0
RSA 2 из 2 в группе,CHI-CITY | Sub-Zero | tCPA 2026,08 SZ | Repair General,Гео-ошибка в тексте,{KeyWord:Sub-Zero Repair Florida},"Запасной текст H1 «Sub-Zero Repair Florida» в чикагской кампании. Заменить на «Chicago Sub-Zero Repair» (≤30 символов; текст не совпадает ни с H3 «Sub-Zero Appliance Repair», ни с запасным текстом H2 «Sub-Zero Repair + зона»)",P0
RSA 1 из 2 в группе,CHI-NORTH-SHORE | Sub-Zero | tCPA 2026,08 SZ | Repair General,Гео-ошибка в тексте,{KeyWord:Sub-Zero Repair Florida},"Запасной текст H1 «Sub-Zero Repair Florida» в чикагской кампании. Заменить на «North Shore Sub-Zero Repair» (≤30 символов; текст не совпадает ни с H3 «Sub-Zero Appliance Repair», ни с запасным текстом H2 «Sub-Zero Repair + зона»)",P0
RSA 2 из 2 в группе,CHI-NORTH-SHORE | Sub-Zero | tCPA 2026,08 SZ | Repair General,Гео-ошибка в тексте,{KeyWord:Sub-Zero Repair Florida},"Запасной текст H1 «Sub-Zero Repair Florida» в чикагской кампании. Заменить на «North Shore Sub-Zero Repair» (≤30 символов; текст не совпадает ни с H3 «Sub-Zero Appliance Repair», ни с запасным текстом H2 «Sub-Zero Repair + зона»)",P0
RSA 1 из 2 в группе,CHI-NORTHWEST | Sub-Zero | tCPA 2026,08 SZ | Repair General,Гео-ошибка в тексте,{KeyWord:Sub-Zero Repair Florida},"Запасной текст H1 «Sub-Zero Repair Florida» в чикагской кампании. Заменить на «NW Suburbs Sub-Zero Repair» (≤30 символов; текст не совпадает ни с H3 «Sub-Zero Appliance Repair», ни с запасным текстом H2 «Sub-Zero Repair + зона»)",P0
RSA 2 из 2 в группе,CHI-NORTHWEST | Sub-Zero | tCPA 2026,08 SZ | Repair General,Гео-ошибка в тексте,{KeyWord:Sub-Zero Repair Florida},"Запасной текст H1 «Sub-Zero Repair Florida» в чикагской кампании. Заменить на «NW Suburbs Sub-Zero Repair» (≤30 символов; текст не совпадает ни с H3 «Sub-Zero Appliance Repair», ни с запасным текстом H2 «Sub-Zero Repair + зона»)",P0
RSA 1 из 2 в группе,CHI-WEST | Sub-Zero | tCPA 2026,08 SZ | Repair General,Гео-ошибка в тексте,{KeyWord:Sub-Zero Repair Florida},"Запасной текст H1 «Sub-Zero Repair Florida» в чикагской кампании. Заменить на «West Suburbs Sub-Zero Repair» (≤30 символов; текст не совпадает ни с H3 «Sub-Zero Appliance Repair», ни с запасным текстом H2 «Sub-Zero Repair + зона»)",P0
RSA 2 из 2 в группе,CHI-WEST | Sub-Zero | tCPA 2026,08 SZ | Repair General,Гео-ошибка в тексте,{KeyWord:Sub-Zero Repair Florida},"Запасной текст H1 «Sub-Zero Repair Florida» в чикагской кампании. Заменить на «West Suburbs Sub-Zero Repair» (≤30 символов; текст не совпадает ни с H3 «Sub-Zero Appliance Repair», ни с запасным текстом H2 «Sub-Zero Repair + зона»)",P0
RSA 1 из 2 в группе,CHI-SOUTH | Sub-Zero | tCPA 2026,08 SZ | Repair General,Гео-ошибка в тексте,{KeyWord:Sub-Zero Repair Florida},"Запасной текст H1 «Sub-Zero Repair Florida» в чикагской кампании. Заменить на «SW Suburbs Sub-Zero Repair» (≤30 символов; текст не совпадает ни с H3 «Sub-Zero Appliance Repair», ни с запасным текстом H2 «Sub-Zero Repair + зона»)",P0
RSA 2 из 2 в группе,CHI-SOUTH | Sub-Zero | tCPA 2026,08 SZ | Repair General,Гео-ошибка в тексте,{KeyWord:Sub-Zero Repair Florida},"Запасной текст H1 «Sub-Zero Repair Florida» в чикагской кампании. Заменить на «SW Suburbs Sub-Zero Repair» (≤30 символов; текст не совпадает ни с H3 «Sub-Zero Appliance Repair», ни с запасным текстом H2 «Sub-Zero Repair + зона»)",P0
RSA 1 из 2 в группе,CHI-INDIANA | Sub-Zero | tCPA 2026,08 SZ | Repair General,Гео-ошибка в тексте,{KeyWord:Sub-Zero Repair Florida},"Запасной текст H1 «Sub-Zero Repair Florida» в чикагской кампании. Заменить на «NW Indiana Sub-Zero Repair» (≤30 символов; текст не совпадает ни с H3 «Sub-Zero Appliance Repair», ни с запасным текстом H2 «Sub-Zero Repair + зона»)",P0
RSA 2 из 2 в группе,CHI-INDIANA | Sub-Zero | tCPA 2026,08 SZ | Repair General,Гео-ошибка в тексте,{KeyWord:Sub-Zero Repair Florida},"Запасной текст H1 «Sub-Zero Repair Florida» в чикагской кампании. Заменить на «NW Indiana Sub-Zero Repair» (≤30 символов; текст не совпадает ни с H3 «Sub-Zero Appliance Repair», ни с запасным текстом H2 «Sub-Zero Repair + зона»)",P0
RSA 1 из 2 в группе,CHI-WI-MI | Sub-Zero | tCPA 2026,08 SZ | Repair General,Гео-ошибка в тексте,{KeyWord:Sub-Zero Repair Florida},"Запасной текст H1 «Sub-Zero Repair Florida» в чикагской кампании. Заменить на «Wisconsin Sub-Zero Repair» (≤30 символов; текст не совпадает ни с H3 «Sub-Zero Appliance Repair», ни с запасным текстом H2 «Sub-Zero Repair + зона»)",P0
RSA 2 из 2 в группе,CHI-WI-MI | Sub-Zero | tCPA 2026,08 SZ | Repair General,Гео-ошибка в тексте,{KeyWord:Sub-Zero Repair Florida},"Запасной текст H1 «Sub-Zero Repair Florida» в чикагской кампании. Заменить на «Wisconsin Sub-Zero Repair» (≤30 символов; текст не совпадает ни с H3 «Sub-Zero Appliance Repair», ни с запасным текстом H2 «Sub-Zero Repair + зона»)",P0
LOCATION default,FL-BROWARD | Sub-Zero | tCPA 2026,все 15 групп,Запасное значение {LOCATION(City):Near You},"«Near You» показывается, когда Google не знает город","Заменить запасное значение на «Broward»: {LOCATION(City):Broward} — как в 6 чикагских кампаниях (Chicago, North Shore, NW Suburbs, West Suburbs, SW Suburbs, NW Indiana)",P1
LOCATION default,FL-PANHANDLE | Sub-Zero | tCPA 2026,все 15 групп,Запасное значение {LOCATION(City):Near You},"«Near You» показывается, когда Google не знает город","Заменить запасное значение на «Destin»: {LOCATION(City):Destin} — как в 6 чикагских кампаниях (Chicago, North Shore, NW Suburbs, West Suburbs, SW Suburbs, NW Indiana)",P1
LOCATION default,FL-PALM-BEACH | Sub-Zero | tCPA 2026,все 15 групп,Запасное значение {LOCATION(City):Near You},"«Near You» показывается, когда Google не знает город","Заменить запасное значение на «Palm Beach»: {LOCATION(City):Palm Beach} — как в 6 чикагских кампаниях (Chicago, North Shore, NW Suburbs, West Suburbs, SW Suburbs, NW Indiana)",P1
LOCATION default,FL-ORLANDO | Sub-Zero | tCPA 2026,все 15 групп,Запасное значение {LOCATION(City):Near You},"«Near You» показывается, когда Google не знает город","Заменить запасное значение на «Orlando»: {LOCATION(City):Orlando} — как в 6 чикагских кампаниях (Chicago, North Shore, NW Suburbs, West Suburbs, SW Suburbs, NW Indiana)",P1
LOCATION default,FL-MIAMI-DADE | Sub-Zero | tCPA 2026,все 15 групп,Запасное значение {LOCATION(City):Near You},"«Near You» показывается, когда Google не знает город","Заменить запасное значение на «Miami»: {LOCATION(City):Miami} — как в 6 чикагских кампаниях (Chicago, North Shore, NW Suburbs, West Suburbs, SW Suburbs, NW Indiana)",P1
LOCATION default,FL-SARASOTA | Sub-Zero | tCPA 2026,все 15 групп,Запасное значение {LOCATION(City):Near You},"«Near You» показывается, когда Google не знает город","Заменить запасное значение на «Sarasota»: {LOCATION(City):Sarasota} — как в 6 чикагских кампаниях (Chicago, North Shore, NW Suburbs, West Suburbs, SW Suburbs, NW Indiana)",P1
LOCATION default,FL-NAPLES-FORT-MYERS | Sub-Zero | tCPA 2026,все 15 групп,Запасное значение {LOCATION(City):Near You},"«Near You» показывается, когда Google не знает город","Заменить запасное значение на «Naples»: {LOCATION(City):Naples} — как в 6 чикагских кампаниях (Chicago, North Shore, NW Suburbs, West Suburbs, SW Suburbs, NW Indiana)",P1
LOCATION default,FL-PINELLAS | Sub-Zero | tCPA 2026,все 15 групп,Запасное значение {LOCATION(City):Near You},"«Near You» показывается, когда Google не знает город","Заменить запасное значение на «St. Petersburg»: {LOCATION(City):St. Petersburg} — как в 6 чикагских кампаниях (Chicago, North Shore, NW Suburbs, West Suburbs, SW Suburbs, NW Indiana)",P1
LOCATION default,FL-TAMPA | Sub-Zero | tCPA 2026,все 15 групп,Запасное значение {LOCATION(City):Near You},"«Near You» показывается, когда Google не знает город","Заменить запасное значение на «Tampa Bay»: {LOCATION(City):Tampa Bay} — как в 6 чикагских кампаниях (Chicago, North Shore, NW Suburbs, West Suburbs, SW Suburbs, NW Indiana)",P1
LOCATION default,FL-JACKSONVILLE | Sub-Zero | tCPA 2026,все 15 групп,Запасное значение {LOCATION(City):Near You},"«Near You» показывается, когда Google не знает город","Заменить запасное значение на «Jacksonville»: {LOCATION(City):Jacksonville} — как в 6 чикагских кампаниях (Chicago, North Shore, NW Suburbs, West Suburbs, SW Suburbs, NW Indiana)",P1
LOCATION default,FL-NORTH-CENTRAL | Sub-Zero | tCPA 2026,все 15 групп,Запасное значение {LOCATION(City):Near You},"«Near You» показывается, когда Google не знает город","Заменить запасное значение на «North Florida»: {LOCATION(City):North Florida} — как в 6 чикагских кампаниях (Chicago, North Shore, NW Suburbs, West Suburbs, SW Suburbs, NW Indiana)",P1
LOCATION default,CHI-WI-MI | Sub-Zero | tCPA 2026,все 15 групп,Запасное значение {LOCATION(City):Near You},"«Near You» показывается, когда Google не знает город","Заменить запасное значение на «SE Wisconsin»: {LOCATION(City):SE Wisconsin} — как в 6 чикагских кампаниях (Chicago, North Shore, NW Suburbs, West Suburbs, SW Suburbs, NW Indiana)",P1
Закрепления,все 22 кампании,все 330 групп (660 RSA),"H1–H3 закреплены на поз. 1, H4–H6 на поз. 2, D1 на поз. 1","Ad strength: 632 Average, 28 Poor, 0 Good/Excellent","Оставить 1–2 закрепления на поз. 1 (ключ + город), снять закрепление H4–H6 и D1 → Google соберёт больше комбинаций, Ad strength вырастет",P1
Заявления,все 22 кампании,—,"Слово «Factory» — в 921 заголовке (568 из них — «Sub-Zero Factory Certified»), 602 описаниях, 22 колл-аутах («Factory Certified Service» в 18 SZ, «SubZero Factory Certified» в 4 Lux), 46 сайтлинках «Factory Certified Service» и на страницах /factory-certified","Factory Certified Service — официальная программа Sub-Zero Group. Если компании нет в их сети, это риск блокировки по правилам (введение в заблуждение / товарный знак) и жалобы производителя","Подтвердить статус документально или заменить на «Sub-Zero Specialists», «Certified Technicians» без слова Factory",P0
Заявления,"CHICAGO, MIAMI, TAMPA | Lux Search",колл-ауты,CHICAGO и MIAMI: «Since 2014»; TAMPA: «Since 2009» и «17 Years On Sub-Zero»,Год основания разный в разных городах (2026 − 17 = 2009; Since 2014 — другая дата),Оставить одну правдивую формулировку во всех кампаниях,P1
Заявления,все 22 кампании,—,"«2-Year Warranty On Every Job» / «2-Year Parts & Labor Warranty» / «Genuine Parts, 2-Year Warranty»",Сильное обещание; должно быть подтверждено на посадочной странице и в договоре,"Проверить, что гарантия описана на сайте теми же словами",P1
Заявления,SZ-кампании (18),—,"«Sub-Zero Only, Nothing Else» (72 заголовка)","Та же компания в Lux-кампаниях чинит Wolf, Miele, Thermador — клиент может увидеть оба объявления",Заменить на «Sub-Zero Specialists» / «Sub-Zero Is Our Specialty»,P2
Расширения,SZ-кампании (18),—,"В экспорте нет номера телефона (call asset) на уровне кампании; звонки — 8 из 27 конверсий за неделю, 3 из 6 сегодня","Заголовок «Call Now – A Person Answers» есть, а кнопки звонка на уровне кампании нет (Lux-кампании: 813-535-5958). Показы номера у SZ-кампаний идут, вероятно, с аккаунтного уровня","Проверить call asset на уровне аккаунта; для FL/CHI поставить локальные номера с отслеживанием звонков (Google forwarding), порог звонка ≥ 60 сек",P0
Расширения,все 22 кампании,—,Сайтлинки уровня аккаунта (Editor их не экспортирует; в экспорте /destin/-сайтлинки есть только у кампании DESTIN) ведут на /destin/ страницы и показываются во всех городах,"Отчёт по посадочным: /destin/miele.php — 562 показа, /destin/gaggenau.php — 463, /destin/wolf.php — 389 (5 кликов, $199,96, 0 конв.), /destin/viking.php — 331, /destin/subzero.php — 305, /destin/thermador.php — 287, при том что вся кампания DESTIN дала 136 показов за неделю",Открыть Объекты → Дополнительные ссылки → уровень «Аккаунт» и убрать/переназначить ссылки на /destin/ (клиенты Чикаго и Майами уходят на страницы Destin),P0
Расширения,все 22 кампании,—,"Business name/logo есть только у 4 Lux-кампаний, у 18 SZ-кампаний его нет; structured snippets, изображения и location asset (Google Business Profile) в экспорт Editor не попадают — проверить их наличие в интерфейсе (Объекты)",Расширения повышают CTR и Ad Rank (снижают CPC при том же месте),"Добавить (если в интерфейсе их нет): structured snippet для 4 Lux-кампаний «Brands: Sub-Zero, Wolf, Miele, Thermador, Viking, Gaggenau», для 18 SZ-кампаний «Service catalog: Refrigerator, Freezer, Ice Maker, Wine Storage, Compressor, Installation» («Dishwasher»/«Cove» — только если по строке P1 (решение) в CSV 07 вернёте посудомойки); business name/logo в 18 SZ; 4+ изображения (техник, фургон, кухня); связать GBP",P1
Испанский,MIAMI | Lux Search | tCPA 2026,"17 Español | Sub-Zero (на паузе), 18 Español | Marcas De Lujo (активна)","33 ключа: 16 в группе 17 (на паузе, в отчёты не попадают) и 17 в активной группе 18 — у них 0 показов за 8 дней; в TAMPA обе испанские группы на паузе","Кампания на «All languages», объявления по-испански, посадочные по-английски (/miami/subzero.php, /miami/)","Вынести в отдельную кампанию MIAMI | Español с языком «Spanish», испанской посадочной и tCPA",P2
Тексты,18 SZ-кампаний,—,Заголовок с {KeyWord:…} закреплён на поз. 1,"Динамическая вставка ключа при 500–1200 ключах в SZ-кампании может выдавать «Sub Zero Marathon», «Sub Zero Repair Miami Beach» и т.п. (без дефиса, как в ключе); ключи длиннее 30 символов (2 240 из 6 050 в «15 SZ | Cities») показывают запасной текст",Проверить самые частые вставки в отчёте по объявлениям; для «15 SZ | Cities» отключить вставку,P2
