Тип,Campaign,Сайтлинк,URL,Клики 8 дн.,"Расход 8 дн., $",Конверсии,Комментарий / что сделать,Приоритет
Сайтлинк → не тот регион,FL-MIAMI-DADE | Sub-Zero | tCPA 2026,Refrigerator Repair,https://subzero-repair.site/chicago/refrigerator-repair,—,—,—,Клиент из Флориды по сайтлинку попадает на страницу /chicago/. Заменить на /fl/ версию той же страницы (8 из 10 сайтлинков в каждой из 11 FL-кампаний),P0
Сайтлинк → не тот регион,FL-MIAMI-DADE | Sub-Zero | tCPA 2026,Leaking Water?,https://subzero-repair.site/chicago/leaking-water,—,—,—,Клиент из Флориды по сайтлинку попадает на страницу /chicago/. Заменить на /fl/ версию той же страницы (8 из 10 сайтлинков в каждой из 11 FL-кампаний),P0
Сайтлинк → не тот регион,FL-MIAMI-DADE | Sub-Zero | tCPA 2026,Ice Maker Repair,https://subzero-repair.site/chicago/ice-maker-repair,—,—,—,Клиент из Флориды по сайтлинку попадает на страницу /chicago/. Заменить на /fl/ версию той же страницы (8 из 10 сайтлинков в каждой из 11 FL-кампаний),P0
Сайтлинк → не тот регион,FL-MIAMI-DADE | Sub-Zero | tCPA 2026,Factory Certified Service,https://subzero-repair.site/chicago/factory-certified,—,—,—,Клиент из Флориды по сайтлинку попадает на страницу /chicago/. Заменить на /fl/ версию той же страницы (8 из 10 сайтлинков в каждой из 11 FL-кампаний),P0
Сайтлинк → не тот регион,FL-MIAMI-DADE | Sub-Zero | tCPA 2026,Freezer Repair,https://subzero-repair.site/chicago/freezer-repair,—,—,—,Клиент из Флориды по сайтлинку попадает на страницу /chicago/. Заменить на /fl/ версию той же страницы (8 из 10 сайтлинков в каждой из 11 FL-кампаний),P0
Сайтлинк → не тот регион,FL-MIAMI-DADE | Sub-Zero | tCPA 2026,Not Cooling? Start Here,https://subzero-repair.site/chicago/not-cooling,—,—,—,Клиент из Флориды по сайтлинку попадает на страницу /chicago/. Заменить на /fl/ версию той же страницы (8 из 10 сайтлинков в каждой из 11 FL-кампаний),P0
Сайтлинк → не тот регион,FL-MIAMI-DADE | Sub-Zero | tCPA 2026,Wine Cooler Repair,https://subzero-repair.site/chicago/wine-cooler-repair,—,—,—,Клиент из Флориды по сайтлинку попадает на страницу /chicago/. Заменить на /fl/ версию той же страницы (8 из 10 сайтлинков в каждой из 11 FL-кампаний),P0
Сайтлинк → не тот регион,FL-MIAMI-DADE | Sub-Zero | tCPA 2026,Models We Repair,https://subzero-repair.site/chicago/models,—,—,—,Клиент из Флориды по сайтлинку попадает на страницу /chicago/. Заменить на /fl/ версию той же страницы (8 из 10 сайтлинков в каждой из 11 FL-кампаний),P0
Сайтлинк → не тот регион,FL-BROWARD | Sub-Zero | tCPA 2026,Not Cooling? Start Here,https://subzero-repair.site/chicago/not-cooling,—,—,—,Клиент из Флориды по сайтлинку попадает на страницу /chicago/. Заменить на /fl/ версию той же страницы (8 из 10 сайтлинков в каждой из 11 FL-кампаний),P0
Сайтлинк → не тот регион,FL-BROWARD | Sub-Zero | tCPA 2026,Wine Cooler Repair,https://subzero-repair.site/chicago/wine-cooler-repair,—,—,—,Клиент из Флориды по сайтлинку попадает на страницу /chicago/. Заменить на /fl/ версию той же страницы (8 из 10 сайтлинков в каждой из 11 FL-кампаний),P0
Сайтлинк → не тот регион,FL-BROWARD | Sub-Zero | tCPA 2026,Leaking Water?,https://subzero-repair.site/chicago/leaking-water,—,—,—,Клиент из Флориды по сайтлинку попадает на страницу /chicago/. Заменить на /fl/ версию той же страницы (8 из 10 сайтлинков в каждой из 11 FL-кампаний),P0
Сайтлинк → не тот регион,FL-BROWARD | Sub-Zero | tCPA 2026,Refrigerator Repair,https://subzero-repair.site/chicago/refrigerator-repair,—,—,—,Клиент из Флориды по сайтлинку попадает на страницу /chicago/. Заменить на /fl/ версию той же страницы (8 из 10 сайтлинков в каждой из 11 FL-кампаний),P0
Сайтлинк → не тот регион,FL-BROWARD | Sub-Zero | tCPA 2026,Freezer Repair,https://subzero-repair.site/chicago/freezer-repair,—,—,—,Клиент из Флориды по сайтлинку попадает на страницу /chicago/. Заменить на /fl/ версию той же страницы (8 из 10 сайтлинков в каждой из 11 FL-кампаний),P0
Сайтлинк → не тот регион,FL-BROWARD | Sub-Zero | tCPA 2026,Factory Certified Service,https://subzero-repair.site/chicago/factory-certified,—,—,—,Клиент из Флориды по сайтлинку попадает на страницу /chicago/. Заменить на /fl/ версию той же страницы (8 из 10 сайтлинков в каждой из 11 FL-кампаний),P0
Сайтлинк → не тот регион,FL-BROWARD | Sub-Zero | tCPA 2026,Models We Repair,https://subzero-repair.site/chicago/models,—,—,—,Клиент из Флориды по сайтлинку попадает на страницу /chicago/. Заменить на /fl/ версию той же страницы (8 из 10 сайтлинков в каждой из 11 FL-кампаний),P0
Сайтлинк → не тот регион,FL-BROWARD | Sub-Zero | tCPA 2026,Ice Maker Repair,https://subzero-repair.site/chicago/ice-maker-repair,—,—,—,Клиент из Флориды по сайтлинку попадает на страницу /chicago/. Заменить на /fl/ версию той же страницы (8 из 10 сайтлинков в каждой из 11 FL-кампаний),P0
Сайтлинк → не тот регион,FL-PALM-BEACH | Sub-Zero | tCPA 2026,Not Cooling? Start Here,https://subzero-repair.site/chicago/not-cooling,—,—,—,Клиент из Флориды по сайтлинку попадает на страницу /chicago/. Заменить на /fl/ версию той же страницы (8 из 10 сайтлинков в каждой из 11 FL-кампаний),P0
Сайтлинк → не тот регион,FL-PALM-BEACH | Sub-Zero | tCPA 2026,Freezer Repair,https://subzero-repair.site/chicago/freezer-repair,—,—,—,Клиент из Флориды по сайтлинку попадает на страницу /chicago/. Заменить на /fl/ версию той же страницы (8 из 10 сайтлинков в каждой из 11 FL-кампаний),P0
Сайтлинк → не тот регион,FL-PALM-BEACH | Sub-Zero | tCPA 2026,Factory Certified Service,https://subzero-repair.site/chicago/factory-certified,—,—,—,Клиент из Флориды по сайтлинку попадает на страницу /chicago/. Заменить на /fl/ версию той же страницы (8 из 10 сайтлинков в каждой из 11 FL-кампаний),P0
Сайтлинк → не тот регион,FL-PALM-BEACH | Sub-Zero | tCPA 2026,Refrigerator Repair,https://subzero-repair.site/chicago/refrigerator-repair,—,—,—,Клиент из Флориды по сайтлинку попадает на страницу /chicago/. Заменить на /fl/ версию той же страницы (8 из 10 сайтлинков в каждой из 11 FL-кампаний),P0
Сайтлинк → не тот регион,FL-PALM-BEACH | Sub-Zero | tCPA 2026,Leaking Water?,https://subzero-repair.site/chicago/leaking-water,—,—,—,Клиент из Флориды по сайтлинку попадает на страницу /chicago/. Заменить на /fl/ версию той же страницы (8 из 10 сайтлинков в каждой из 11 FL-кампаний),P0
Сайтлинк → не тот регион,FL-PALM-BEACH | Sub-Zero | tCPA 2026,Wine Cooler Repair,https://subzero-repair.site/chicago/wine-cooler-repair,—,—,—,Клиент из Флориды по сайтлинку попадает на страницу /chicago/. Заменить на /fl/ версию той же страницы (8 из 10 сайтлинков в каждой из 11 FL-кампаний),P0
Сайтлинк → не тот регион,FL-PALM-BEACH | Sub-Zero | tCPA 2026,Models We Repair,https://subzero-repair.site/chicago/models,—,—,—,Клиент из Флориды по сайтлинку попадает на страницу /chicago/. Заменить на /fl/ версию той же страницы (8 из 10 сайтлинков в каждой из 11 FL-кампаний),P0
Сайтлинк → не тот регион,FL-PALM-BEACH | Sub-Zero | tCPA 2026,Ice Maker Repair,https://subzero-repair.site/chicago/ice-maker-repair,—,—,—,Клиент из Флориды по сайтлинку попадает на страницу /chicago/. Заменить на /fl/ версию той же страницы (8 из 10 сайтлинков в каждой из 11 FL-кампаний),P0
Сайтлинк → не тот регион,FL-TAMPA | Sub-Zero | tCPA 2026,Not Cooling? Start Here,https://subzero-repair.site/chicago/not-cooling,—,—,—,Клиент из Флориды по сайтлинку попадает на страницу /chicago/. Заменить на /fl/ версию той же страницы (8 из 10 сайтлинков в каждой из 11 FL-кампаний),P0
Сайтлинк → не тот регион,FL-TAMPA | Sub-Zero | tCPA 2026,Leaking Water?,https://subzero-repair.site/chicago/leaking-water,—,—,—,Клиент из Флориды по сайтлинку попадает на страницу /chicago/. Заменить на /fl/ версию той же страницы (8 из 10 сайтлинков в каждой из 11 FL-кампаний),P0
Сайтлинк → не тот регион,FL-TAMPA | Sub-Zero | tCPA 2026,Refrigerator Repair,https://subzero-repair.site/chicago/refrigerator-repair,—,—,—,Клиент из Флориды по сайтлинку попадает на страницу /chicago/. Заменить на /fl/ версию той же страницы (8 из 10 сайтлинков в каждой из 11 FL-кампаний),P0
Сайтлинк → не тот регион,FL-TAMPA | Sub-Zero | tCPA 2026,Wine Cooler Repair,https://subzero-repair.site/chicago/wine-cooler-repair,—,—,—,Клиент из Флориды по сайтлинку попадает на страницу /chicago/. Заменить на /fl/ версию той же страницы (8 из 10 сайтлинков в каждой из 11 FL-кампаний),P0
Сайтлинк → не тот регион,FL-TAMPA | Sub-Zero | tCPA 2026,Factory Certified Service,https://subzero-repair.site/chicago/factory-certified,—,—,—,Клиент из Флориды по сайтлинку попадает на страницу /chicago/. Заменить на /fl/ версию той же страницы (8 из 10 сайтлинков в каждой из 11 FL-кампаний),P0
Сайтлинк → не тот регион,FL-TAMPA | Sub-Zero | tCPA 2026,Ice Maker Repair,https://subzero-repair.site/chicago/ice-maker-repair,—,—,—,Клиент из Флориды по сайтлинку попадает на страницу /chicago/. Заменить на /fl/ версию той же страницы (8 из 10 сайтлинков в каждой из 11 FL-кампаний),P0
Сайтлинк → не тот регион,FL-TAMPA | Sub-Zero | tCPA 2026,Models We Repair,https://subzero-repair.site/chicago/models,—,—,—,Клиент из Флориды по сайтлинку попадает на страницу /chicago/. Заменить на /fl/ версию той же страницы (8 из 10 сайтлинков в каждой из 11 FL-кампаний),P0
Сайтлинк → не тот регион,FL-TAMPA | Sub-Zero | tCPA 2026,Freezer Repair,https://subzero-repair.site/chicago/freezer-repair,—,—,—,Клиент из Флориды по сайтлинку попадает на страницу /chicago/. Заменить на /fl/ версию той же страницы (8 из 10 сайтлинков в каждой из 11 FL-кампаний),P0
Сайтлинк → не тот регион,FL-PINELLAS | Sub-Zero | tCPA 2026,Not Cooling? Start Here,https://subzero-repair.site/chicago/not-cooling,—,—,—,Клиент из Флориды по сайтлинку попадает на страницу /chicago/. Заменить на /fl/ версию той же страницы (8 из 10 сайтлинков в каждой из 11 FL-кампаний),P0
Сайтлинк → не тот регион,FL-PINELLAS | Sub-Zero | tCPA 2026,Models We Repair,https://subzero-repair.site/chicago/models,—,—,—,Клиент из Флориды по сайтлинку попадает на страницу /chicago/. Заменить на /fl/ версию той же страницы (8 из 10 сайтлинков в каждой из 11 FL-кампаний),P0
Сайтлинк → не тот регион,FL-PINELLAS | Sub-Zero | tCPA 2026,Factory Certified Service,https://subzero-repair.site/chicago/factory-certified,—,—,—,Клиент из Флориды по сайтлинку попадает на страницу /chicago/. Заменить на /fl/ версию той же страницы (8 из 10 сайтлинков в каждой из 11 FL-кампаний),P0
Сайтлинк → не тот регион,FL-PINELLAS | Sub-Zero | tCPA 2026,Ice Maker Repair,https://subzero-repair.site/chicago/ice-maker-repair,—,—,—,Клиент из Флориды по сайтлинку попадает на страницу /chicago/. Заменить на /fl/ версию той же страницы (8 из 10 сайтлинков в каждой из 11 FL-кампаний),P0
Сайтлинк → не тот регион,FL-PINELLAS | Sub-Zero | tCPA 2026,Freezer Repair,https://subzero-repair.site/chicago/freezer-repair,—,—,—,Клиент из Флориды по сайтлинку попадает на страницу /chicago/. Заменить на /fl/ версию той же страницы (8 из 10 сайтлинков в каждой из 11 FL-кампаний),P0
Сайтлинк → не тот регион,FL-PINELLAS | Sub-Zero | tCPA 2026,Wine Cooler Repair,https://subzero-repair.site/chicago/wine-cooler-repair,—,—,—,Клиент из Флориды по сайтлинку попадает на страницу /chicago/. Заменить на /fl/ версию той же страницы (8 из 10 сайтлинков в каждой из 11 FL-кампаний),P0
Сайтлинк → не тот регион,FL-PINELLAS | Sub-Zero | tCPA 2026,Leaking Water?,https://subzero-repair.site/chicago/leaking-water,—,—,—,Клиент из Флориды по сайтлинку попадает на страницу /chicago/. Заменить на /fl/ версию той же страницы (8 из 10 сайтлинков в каждой из 11 FL-кампаний),P0
Сайтлинк → не тот регион,FL-PINELLAS | Sub-Zero | tCPA 2026,Refrigerator Repair,https://subzero-repair.site/chicago/refrigerator-repair,—,—,—,Клиент из Флориды по сайтлинку попадает на страницу /chicago/. Заменить на /fl/ версию той же страницы (8 из 10 сайтлинков в каждой из 11 FL-кампаний),P0
Сайтлинк → не тот регион,FL-SARASOTA | Sub-Zero | tCPA 2026,Refrigerator Repair,https://subzero-repair.site/chicago/refrigerator-repair,—,—,—,Клиент из Флориды по сайтлинку попадает на страницу /chicago/. Заменить на /fl/ версию той же страницы (8 из 10 сайтлинков в каждой из 11 FL-кампаний),P0
Сайтлинк → не тот регион,FL-SARASOTA | Sub-Zero | tCPA 2026,Leaking Water?,https://subzero-repair.site/chicago/leaking-water,—,—,—,Клиент из Флориды по сайтлинку попадает на страницу /chicago/. Заменить на /fl/ версию той же страницы (8 из 10 сайтлинков в каждой из 11 FL-кампаний),P0
Сайтлинк → не тот регион,FL-SARASOTA | Sub-Zero | tCPA 2026,Ice Maker Repair,https://subzero-repair.site/chicago/ice-maker-repair,—,—,—,Клиент из Флориды по сайтлинку попадает на страницу /chicago/. Заменить на /fl/ версию той же страницы (8 из 10 сайтлинков в каждой из 11 FL-кампаний),P0
Сайтлинк → не тот регион,FL-SARASOTA | Sub-Zero | tCPA 2026,Factory Certified Service,https://subzero-repair.site/chicago/factory-certified,—,—,—,Клиент из Флориды по сайтлинку попадает на страницу /chicago/. Заменить на /fl/ версию той же страницы (8 из 10 сайтлинков в каждой из 11 FL-кампаний),P0
Сайтлинк → не тот регион,FL-SARASOTA | Sub-Zero | tCPA 2026,Freezer Repair,https://subzero-repair.site/chicago/freezer-repair,—,—,—,Клиент из Флориды по сайтлинку попадает на страницу /chicago/. Заменить на /fl/ версию той же страницы (8 из 10 сайтлинков в каждой из 11 FL-кампаний),P0
Сайтлинк → не тот регион,FL-SARASOTA | Sub-Zero | tCPA 2026,Wine Cooler Repair,https://subzero-repair.site/chicago/wine-cooler-repair,—,—,—,Клиент из Флориды по сайтлинку попадает на страницу /chicago/. Заменить на /fl/ версию той же страницы (8 из 10 сайтлинков в каждой из 11 FL-кампаний),P0
Сайтлинк → не тот регион,FL-SARASOTA | Sub-Zero | tCPA 2026,Not Cooling? Start Here,https://subzero-repair.site/chicago/not-cooling,—,—,—,Клиент из Флориды по сайтлинку попадает на страницу /chicago/. Заменить на /fl/ версию той же страницы (8 из 10 сайтлинков в каждой из 11 FL-кампаний),P0
Сайтлинк → не тот регион,FL-SARASOTA | Sub-Zero | tCPA 2026,Models We Repair,https://subzero-repair.site/chicago/models,—,—,—,Клиент из Флориды по сайтлинку попадает на страницу /chicago/. Заменить на /fl/ версию той же страницы (8 из 10 сайтлинков в каждой из 11 FL-кампаний),P0
Сайтлинк → не тот регион,FL-ORLANDO | Sub-Zero | tCPA 2026,Freezer Repair,https://subzero-repair.site/chicago/freezer-repair,—,—,—,Клиент из Флориды по сайтлинку попадает на страницу /chicago/. Заменить на /fl/ версию той же страницы (8 из 10 сайтлинков в каждой из 11 FL-кампаний),P0
Сайтлинк → не тот регион,FL-ORLANDO | Sub-Zero | tCPA 2026,Leaking Water?,https://subzero-repair.site/chicago/leaking-water,—,—,—,Клиент из Флориды по сайтлинку попадает на страницу /chicago/. Заменить на /fl/ версию той же страницы (8 из 10 сайтлинков в каждой из 11 FL-кампаний),P0
Сайтлинк → не тот регион,FL-ORLANDO | Sub-Zero | tCPA 2026,Refrigerator Repair,https://subzero-repair.site/chicago/refrigerator-repair,—,—,—,Клиент из Флориды по сайтлинку попадает на страницу /chicago/. Заменить на /fl/ версию той же страницы (8 из 10 сайтлинков в каждой из 11 FL-кампаний),P0
Сайтлинк → не тот регион,FL-ORLANDO | Sub-Zero | tCPA 2026,Factory Certified Service,https://subzero-repair.site/chicago/factory-certified,—,—,—,Клиент из Флориды по сайтлинку попадает на страницу /chicago/. Заменить на /fl/ версию той же страницы (8 из 10 сайтлинков в каждой из 11 FL-кампаний),P0
Сайтлинк → не тот регион,FL-ORLANDO | Sub-Zero | tCPA 2026,Not Cooling? Start Here,https://subzero-repair.site/chicago/not-cooling,—,—,—,Клиент из Флориды по сайтлинку попадает на страницу /chicago/. Заменить на /fl/ версию той же страницы (8 из 10 сайтлинков в каждой из 11 FL-кампаний),P0
Сайтлинк → не тот регион,FL-ORLANDO | Sub-Zero | tCPA 2026,Wine Cooler Repair,https://subzero-repair.site/chicago/wine-cooler-repair,—,—,—,Клиент из Флориды по сайтлинку попадает на страницу /chicago/. Заменить на /fl/ версию той же страницы (8 из 10 сайтлинков в каждой из 11 FL-кампаний),P0
Сайтлинк → не тот регион,FL-ORLANDO | Sub-Zero | tCPA 2026,Models We Repair,https://subzero-repair.site/chicago/models,—,—,—,Клиент из Флориды по сайтлинку попадает на страницу /chicago/. Заменить на /fl/ версию той же страницы (8 из 10 сайтлинков в каждой из 11 FL-кампаний),P0
Сайтлинк → не тот регион,FL-ORLANDO | Sub-Zero | tCPA 2026,Ice Maker Repair,https://subzero-repair.site/chicago/ice-maker-repair,—,—,—,Клиент из Флориды по сайтлинку попадает на страницу /chicago/. Заменить на /fl/ версию той же страницы (8 из 10 сайтлинков в каждой из 11 FL-кампаний),P0
Сайтлинк → не тот регион,FL-NAPLES-FORT-MYERS | Sub-Zero | tCPA 2026,Wine Cooler Repair,https://subzero-repair.site/chicago/wine-cooler-repair,—,—,—,Клиент из Флориды по сайтлинку попадает на страницу /chicago/. Заменить на /fl/ версию той же страницы (8 из 10 сайтлинков в каждой из 11 FL-кампаний),P0
Сайтлинк → не тот регион,FL-NAPLES-FORT-MYERS | Sub-Zero | tCPA 2026,Models We Repair,https://subzero-repair.site/chicago/models,—,—,—,Клиент из Флориды по сайтлинку попадает на страницу /chicago/. Заменить на /fl/ версию той же страницы (8 из 10 сайтлинков в каждой из 11 FL-кампаний),P0
Сайтлинк → не тот регион,FL-NAPLES-FORT-MYERS | Sub-Zero | tCPA 2026,Ice Maker Repair,https://subzero-repair.site/chicago/ice-maker-repair,—,—,—,Клиент из Флориды по сайтлинку попадает на страницу /chicago/. Заменить на /fl/ версию той же страницы (8 из 10 сайтлинков в каждой из 11 FL-кампаний),P0
Сайтлинк → не тот регион,FL-NAPLES-FORT-MYERS | Sub-Zero | tCPA 2026,Not Cooling? Start Here,https://subzero-repair.site/chicago/not-cooling,—,—,—,Клиент из Флориды по сайтлинку попадает на страницу /chicago/. Заменить на /fl/ версию той же страницы (8 из 10 сайтлинков в каждой из 11 FL-кампаний),P0
Сайтлинк → не тот регион,FL-NAPLES-FORT-MYERS | Sub-Zero | tCPA 2026,Freezer Repair,https://subzero-repair.site/chicago/freezer-repair,—,—,—,Клиент из Флориды по сайтлинку попадает на страницу /chicago/. Заменить на /fl/ версию той же страницы (8 из 10 сайтлинков в каждой из 11 FL-кампаний),P0
Сайтлинк → не тот регион,FL-NAPLES-FORT-MYERS | Sub-Zero | tCPA 2026,Factory Certified Service,https://subzero-repair.site/chicago/factory-certified,—,—,—,Клиент из Флориды по сайтлинку попадает на страницу /chicago/. Заменить на /fl/ версию той же страницы (8 из 10 сайтлинков в каждой из 11 FL-кампаний),P0
Сайтлинк → не тот регион,FL-NAPLES-FORT-MYERS | Sub-Zero | tCPA 2026,Refrigerator Repair,https://subzero-repair.site/chicago/refrigerator-repair,—,—,—,Клиент из Флориды по сайтлинку попадает на страницу /chicago/. Заменить на /fl/ версию той же страницы (8 из 10 сайтлинков в каждой из 11 FL-кампаний),P0
Сайтлинк → не тот регион,FL-NAPLES-FORT-MYERS | Sub-Zero | tCPA 2026,Leaking Water?,https://subzero-repair.site/chicago/leaking-water,—,—,—,Клиент из Флориды по сайтлинку попадает на страницу /chicago/. Заменить на /fl/ версию той же страницы (8 из 10 сайтлинков в каждой из 11 FL-кампаний),P0
Сайтлинк → не тот регион,FL-JACKSONVILLE | Sub-Zero | tCPA 2026,Not Cooling? Start Here,https://subzero-repair.site/chicago/not-cooling,—,—,—,Клиент из Флориды по сайтлинку попадает на страницу /chicago/. Заменить на /fl/ версию той же страницы (8 из 10 сайтлинков в каждой из 11 FL-кампаний),P0
Сайтлинк → не тот регион,FL-JACKSONVILLE | Sub-Zero | tCPA 2026,Freezer Repair,https://subzero-repair.site/chicago/freezer-repair,—,—,—,Клиент из Флориды по сайтлинку попадает на страницу /chicago/. Заменить на /fl/ версию той же страницы (8 из 10 сайтлинков в каждой из 11 FL-кампаний),P0
Сайтлинк → не тот регион,FL-JACKSONVILLE | Sub-Zero | tCPA 2026,Models We Repair,https://subzero-repair.site/chicago/models,—,—,—,Клиент из Флориды по сайтлинку попадает на страницу /chicago/. Заменить на /fl/ версию той же страницы (8 из 10 сайтлинков в каждой из 11 FL-кампаний),P0
Сайтлинк → не тот регион,FL-JACKSONVILLE | Sub-Zero | tCPA 2026,Wine Cooler Repair,https://subzero-repair.site/chicago/wine-cooler-repair,—,—,—,Клиент из Флориды по сайтлинку попадает на страницу /chicago/. Заменить на /fl/ версию той же страницы (8 из 10 сайтлинков в каждой из 11 FL-кампаний),P0
Сайтлинк → не тот регион,FL-JACKSONVILLE | Sub-Zero | tCPA 2026,Factory Certified Service,https://subzero-repair.site/chicago/factory-certified,—,—,—,Клиент из Флориды по сайтлинку попадает на страницу /chicago/. Заменить на /fl/ версию той же страницы (8 из 10 сайтлинков в каждой из 11 FL-кампаний),P0
Сайтлинк → не тот регион,FL-JACKSONVILLE | Sub-Zero | tCPA 2026,Ice Maker Repair,https://subzero-repair.site/chicago/ice-maker-repair,—,—,—,Клиент из Флориды по сайтлинку попадает на страницу /chicago/. Заменить на /fl/ версию той же страницы (8 из 10 сайтлинков в каждой из 11 FL-кампаний),P0
Сайтлинк → не тот регион,FL-JACKSONVILLE | Sub-Zero | tCPA 2026,Refrigerator Repair,https://subzero-repair.site/chicago/refrigerator-repair,—,—,—,Клиент из Флориды по сайтлинку попадает на страницу /chicago/. Заменить на /fl/ версию той же страницы (8 из 10 сайтлинков в каждой из 11 FL-кампаний),P0
Сайтлинк → не тот регион,FL-JACKSONVILLE | Sub-Zero | tCPA 2026,Leaking Water?,https://subzero-repair.site/chicago/leaking-water,—,—,—,Клиент из Флориды по сайтлинку попадает на страницу /chicago/. Заменить на /fl/ версию той же страницы (8 из 10 сайтлинков в каждой из 11 FL-кампаний),P0
Сайтлинк → не тот регион,FL-PANHANDLE | Sub-Zero | tCPA 2026,Not Cooling? Start Here,https://subzero-repair.site/chicago/not-cooling,—,—,—,Клиент из Флориды по сайтлинку попадает на страницу /chicago/. Заменить на /fl/ версию той же страницы (8 из 10 сайтлинков в каждой из 11 FL-кампаний),P0
Сайтлинк → не тот регион,FL-PANHANDLE | Sub-Zero | tCPA 2026,Refrigerator Repair,https://subzero-repair.site/chicago/refrigerator-repair,—,—,—,Клиент из Флориды по сайтлинку попадает на страницу /chicago/. Заменить на /fl/ версию той же страницы (8 из 10 сайтлинков в каждой из 11 FL-кампаний),P0
Сайтлинк → не тот регион,FL-PANHANDLE | Sub-Zero | tCPA 2026,Leaking Water?,https://subzero-repair.site/chicago/leaking-water,—,—,—,Клиент из Флориды по сайтлинку попадает на страницу /chicago/. Заменить на /fl/ версию той же страницы (8 из 10 сайтлинков в каждой из 11 FL-кампаний),P0
Сайтлинк → не тот регион,FL-PANHANDLE | Sub-Zero | tCPA 2026,Ice Maker Repair,https://subzero-repair.site/chicago/ice-maker-repair,—,—,—,Клиент из Флориды по сайтлинку попадает на страницу /chicago/. Заменить на /fl/ версию той же страницы (8 из 10 сайтлинков в каждой из 11 FL-кампаний),P0
Сайтлинк → не тот регион,FL-PANHANDLE | Sub-Zero | tCPA 2026,Factory Certified Service,https://subzero-repair.site/chicago/factory-certified,—,—,—,Клиент из Флориды по сайтлинку попадает на страницу /chicago/. Заменить на /fl/ версию той же страницы (8 из 10 сайтлинков в каждой из 11 FL-кампаний),P0
Сайтлинк → не тот регион,FL-PANHANDLE | Sub-Zero | tCPA 2026,Freezer Repair,https://subzero-repair.site/chicago/freezer-repair,—,—,—,Клиент из Флориды по сайтлинку попадает на страницу /chicago/. Заменить на /fl/ версию той же страницы (8 из 10 сайтлинков в каждой из 11 FL-кампаний),P0
Сайтлинк → не тот регион,FL-PANHANDLE | Sub-Zero | tCPA 2026,Wine Cooler Repair,https://subzero-repair.site/chicago/wine-cooler-repair,—,—,—,Клиент из Флориды по сайтлинку попадает на страницу /chicago/. Заменить на /fl/ версию той же страницы (8 из 10 сайтлинков в каждой из 11 FL-кампаний),P0
Сайтлинк → не тот регион,FL-PANHANDLE | Sub-Zero | tCPA 2026,Models We Repair,https://subzero-repair.site/chicago/models,—,—,—,Клиент из Флориды по сайтлинку попадает на страницу /chicago/. Заменить на /fl/ версию той же страницы (8 из 10 сайтлинков в каждой из 11 FL-кампаний),P0
Сайтлинк → не тот регион,FL-NORTH-CENTRAL | Sub-Zero | tCPA 2026,Models We Repair,https://subzero-repair.site/chicago/models,—,—,—,Клиент из Флориды по сайтлинку попадает на страницу /chicago/. Заменить на /fl/ версию той же страницы (8 из 10 сайтлинков в каждой из 11 FL-кампаний),P0
Сайтлинк → не тот регион,FL-NORTH-CENTRAL | Sub-Zero | tCPA 2026,Freezer Repair,https://subzero-repair.site/chicago/freezer-repair,—,—,—,Клиент из Флориды по сайтлинку попадает на страницу /chicago/. Заменить на /fl/ версию той же страницы (8 из 10 сайтлинков в каждой из 11 FL-кампаний),P0
Сайтлинк → не тот регион,FL-NORTH-CENTRAL | Sub-Zero | tCPA 2026,Wine Cooler Repair,https://subzero-repair.site/chicago/wine-cooler-repair,—,—,—,Клиент из Флориды по сайтлинку попадает на страницу /chicago/. Заменить на /fl/ версию той же страницы (8 из 10 сайтлинков в каждой из 11 FL-кампаний),P0
Сайтлинк → не тот регион,FL-NORTH-CENTRAL | Sub-Zero | tCPA 2026,Factory Certified Service,https://subzero-repair.site/chicago/factory-certified,—,—,—,Клиент из Флориды по сайтлинку попадает на страницу /chicago/. Заменить на /fl/ версию той же страницы (8 из 10 сайтлинков в каждой из 11 FL-кампаний),P0
Сайтлинк → не тот регион,FL-NORTH-CENTRAL | Sub-Zero | tCPA 2026,Refrigerator Repair,https://subzero-repair.site/chicago/refrigerator-repair,—,—,—,Клиент из Флориды по сайтлинку попадает на страницу /chicago/. Заменить на /fl/ версию той же страницы (8 из 10 сайтлинков в каждой из 11 FL-кампаний),P0
Сайтлинк → не тот регион,FL-NORTH-CENTRAL | Sub-Zero | tCPA 2026,Leaking Water?,https://subzero-repair.site/chicago/leaking-water,—,—,—,Клиент из Флориды по сайтлинку попадает на страницу /chicago/. Заменить на /fl/ версию той же страницы (8 из 10 сайтлинков в каждой из 11 FL-кампаний),P0
Сайтлинк → не тот регион,FL-NORTH-CENTRAL | Sub-Zero | tCPA 2026,Ice Maker Repair,https://subzero-repair.site/chicago/ice-maker-repair,—,—,—,Клиент из Флориды по сайтлинку попадает на страницу /chicago/. Заменить на /fl/ версию той же страницы (8 из 10 сайтлинков в каждой из 11 FL-кампаний),P0
Сайтлинк → не тот регион,FL-NORTH-CENTRAL | Sub-Zero | tCPA 2026,Not Cooling? Start Here,https://subzero-repair.site/chicago/not-cooling,—,—,—,Клиент из Флориды по сайтлинку попадает на страницу /chicago/. Заменить на /fl/ версию той же страницы (8 из 10 сайтлинков в каждой из 11 FL-кампаний),P0
Страница,—,—,https://sterling-homegroup.com/chicago/,20,470.45,3.0,"Домашняя Chicago (группы 15 Other + 14 No Brand): 20 кликов, $470,45, 3 конв. — ок, но специализированные страницы конвертят лучше",P1
Страница,—,—,https://sterling-homegroup.com/miami/,14,420.79,2.0,"Домашняя Miami: 14 кликов (группы 16 Other + 14 No Brand), $420,79, 2 конв. (CPA $210) — нужна отдельная страница «Luxury appliance repair Miami» со списком брендов",P1
Страница,—,—,https://sterling-homegroup.com/chicago/subzero.php,10,295.71,5.0,"10 кликов, 5 конв. — эталон. Сравнить с subzero-repair.site (0–1 конв. на страницу)",P1
Страница,—,—,https://sterling-homegroup.com/,11,265.43,0.0,"Корень сайта получает трафик из TAMPA Lux (группы 14, 15, 16 ведут на «/», папки /tampa/ нет): 11 кликов, $265,43, 0 конв. Создать /tampa/ страницы по брендам, как /miami/ и /chicago/",P1
Страница,—,—,https://sterling-homegroup.com/chicago/thermador.php,9,249.41,5.0,"Лучшая страница: 9 кликов, 5 конв. — эталон для остальных брендов",P1
Страница,—,—,https://sterling-homegroup.com/miami/miele.php,4,207.83,1.0,"4 клика, $207,83, 1 конв. (CPA $208)",P1
Страница,—,—,https://sterling-homegroup.com/destin/wolf.php,5,199.96,0.0,"5 кликов, $199,96, 0 конв. при 389 показах — но группы Wolf в DESTIN потратили $18,12 за неделю. Значит, клики пришли по сайтлинку уровня аккаунта из других городов (см. строку «Сайтлинки уровня аккаунта»)",P1
Страница,—,—,https://sterling-homegroup.com/miami/thermador.php,5,191.69,0.0,"5 кликов, $191,69, 0 конв. (28.09 — 3 клика, 0 конв.)",P1
Страница,—,—,https://sterling-homegroup.com/destin/,6,170.86,0.0,"6 кликов, $170,86, 0 конв. — домашняя Destin (группы 14, 15, 16, 17)",P1
Страница,—,—,https://subzero-repair.site/fl/factory-certified,5,169.56,0.0,"5 кликов, $169,56, 0 конв. — страница с заявлением Factory Certified; проверить доказательства и CTA",P1
Страница,—,—,https://sterling-homegroup.com/miami/viking.php,3,150.38,0.0,"3 клика, $150,38, 0 конв.",P1
Страница,—,—,https://sterling-homegroup.com/chicago/subzero-refrigerator-repair.php,6,135.17,0.0,"6 кликов, $135,17, 0 конв., при этом общая /chicago/subzero.php конвертит 50% — временно направить группу «01 Sub-Zero Fridge & Freezer» на /chicago/subzero.php и сравнить",P1
Страница,—,—,https://sterling-homegroup.com/chicago/miele.php,5,122.93,1.0,"5 кл,, $122,93, 1 конв. за 8 дней — данных мало, оставить и наблюдать; страница с конверсией — ничего не менять",P3
Страница,—,—,https://sterling-homegroup.com/chicago/viking.php,3,115.54,0.0,"3 клика, $115,54, 0 конв.",P1
Страница,—,—,https://subzero-repair.site/chicago/repair-near-me,3,89.94,0.0,"3 кл,, $89,94, 0 конв. за 8 дней — данных мало, оставить и наблюдать",P3
Страница,—,—,https://sterling-homegroup.com/destin/viking.php,4,85.87,1.0,"4 клика, $85,87, 1 конв. при 331 показе — часть кликов из других городов через сайтлинк уровня аккаунта",P1
Страница,—,—,https://subzero-repair.site/naples,1,77.84,1.0,"1 клик, $77,84, 1 конв. (28.09)",P1
Страница,—,—,https://sterling-homegroup.com/miami/miele-washer-dryer-repair.php,2,71.78,0.0,"2 кл,, $71,78, 0 конв. за 8 дней — данных мало, оставить и наблюдать",P3
Страница,—,—,https://subzero-repair.site/chicago/refrigerator-repair,2,71.75,1.0,"2 кл,, $71,75, 1 конв. за 8 дней — данных мало, оставить и наблюдать; страница с конверсией — ничего не менять",P3
Страница,—,—,https://sterling-homegroup.com/chicago/thermador-refrigerator-repair.php,1,67.7,1.0,"1 кл,, $67,70, 1 конв. за 8 дней — данных мало, оставить и наблюдать; страница с конверсией — ничего не менять",P3
Страница,—,—,https://sterling-homegroup.com/chicago/wolf-range-repair.php,2,52.01,0.0,"2 кл,, $52,01, 0 конв. за 8 дней — данных мало, оставить и наблюдать",P3
Страница,—,—,https://sterling-homegroup.com/chicago/wolf.php,1,49.84,0.0,"1 кл,, $49,84, 0 конв. за 8 дней — данных мало, оставить и наблюдать",P3
Страница,—,—,https://sterling-homegroup.com/chicago/thermador-range-repair.php,1,49.81,0.0,"1 кл,, $49,81, 0 конв. за 8 дней — данных мало, оставить и наблюдать",P3
Страница,—,—,https://sterling-homegroup.com/miami/thermador-oven-repair.php,1,49.75,0.0,"1 кл,, $49,75, 0 конв. за 8 дней — данных мало, оставить и наблюдать",P3
Страница,—,—,https://sterling-homegroup.com/thermador.php,2,48.71,1.0,"2 кл,, $48,71, 1 конв. за 8 дней — данных мало, оставить и наблюдать; страница с конверсией — ничего не менять",P3
Страница,—,—,https://sterling-homegroup.com/destin/subzero.php,3,45.95,0.0,"3 клика, $45,95, 0 конв. при 305 показах — то же",P1
Страница,—,—,https://sterling-homegroup.com/subzero.php,2,45.25,0.0,"2 кл,, $45,25, 0 конв. за 8 дней — данных мало, оставить и наблюдать",P3
Страница,—,—,https://subzero-repair.site/chicago/models,1,44.42,0.0,"1 клик $44,42 (CHI-CITY, [sub zero maintenance service]), 0 конв.",P1
Страница,—,—,https://sterling-homegroup.com/miami/miele-refrigerator-repair.php,1,43.23,0.0,"1 кл,, $43,23, 0 конв. за 8 дней — данных мало, оставить и наблюдать",P3
Страница,—,—,https://sterling-homegroup.com/miami/thermador-refrigerator-repair.php,2,38.89,0.0,"2 кл,, $38,89, 0 конв. за 8 дней — данных мало, оставить и наблюдать",P3
Страница,—,—,https://sterling-homegroup.com/chicago/wolf-wall-oven-repair.php,2,37.07,0.0,"2 кл,, $37,07, 0 конв. за 8 дней — данных мало, оставить и наблюдать",P3
Страница,—,—,https://subzero-repair.site/fl/,1,35.16,0.0,"1 кл,, $35,16, 0 конв. за 8 дней — данных мало, оставить и наблюдать",P3
Страница,—,—,https://subzero-repair.site/chicago/service-maintenance,1,33.11,0.0,"1 кл,, $33,11, 0 конв. за 8 дней — данных мало, оставить и наблюдать",P3
Страница,—,—,https://sterling-homegroup.com/destin/viking-refrigerator-repair.php,1,32.72,0.0,"1 кл,, $32,72, 0 конв. за 8 дней — данных мало, оставить и наблюдать",P3
Страница,—,—,https://sterling-homegroup.com/chicago/subzero-installation.php,2,31.84,0.0,"2 кл,, $31,84, 0 конв. за 8 дней — данных мало, оставить и наблюдать",P3
Страница,—,—,https://sterling-homegroup.com/chicago/miele-dishwasher-repair.php,1,29.8,0.0,"1 кл,, $29,80, 0 конв. за 8 дней — данных мало, оставить и наблюдать",P3
Страница,—,—,https://subzero-repair.site/miami,1,28.73,0.0,"1 кл,, $28,73, 0 конв. за 8 дней — данных мало, оставить и наблюдать",P3
Страница,—,—,https://subzero-repair-miami.site/sub-zero-appliance-repair-miami.html,1,28.27,0.0,"1 кл,, $28,27, 0 конв. за 8 дней — данных мало, оставить и наблюдать",P3
Страница,—,—,https://subzero-repair.site/chicago/not-cooling,3,27.82,0.0,"3 кл,, $27,82, 0 конв. за 8 дней — данных мало, оставить и наблюдать",P3
Страница,—,—,https://sterling-homegroup.com/destin/subzero-installation.php,2,27.64,0.0,"2 кл,, $27,64, 0 конв. за 8 дней — данных мало, оставить и наблюдать",P3
Страница,—,—,https://subzero-repair-tampa.site/,4,27.06,1.0,"4 кл,, $27,06, 1 конв. за 8 дней — данных мало, оставить и наблюдать; страница с конверсией — ничего не менять",P3
Страница,—,—,https://sterling-homegroup.com/miele-dishwasher-repair.php,1,25.29,0.0,"1 кл,, $25,29, 0 конв. за 8 дней — данных мало, оставить и наблюдать",P3
Страница,—,—,https://subzero-repair.site/chicago/factory-certified,1,21.8,0.0,"1 кл,, $21,80, 0 конв. за 8 дней — данных мало, оставить и наблюдать",P3
Страница,—,—,https://sterling-homegroup.com/destin/miele-washer-dryer-repair.php,1,20.67,0.0,"1 кл,, $20,67, 0 конв. за 8 дней — данных мало, оставить и наблюдать",P3
Страница,—,—,https://sterling-homegroup.com/destin/miele.php,1,18.98,0.0,"562 показа при 136 показах всей кампании DESTIN за неделю — это сайтлинк уровня аккаунта, показанный в других городах; 1 клик $18,98 (TAMPA, запрос «miele repairs»)",P1
Страница,—,—,https://sterling-homegroup.com/chicago/thermador-oven-repair.php,1,18.67,0.0,"1 кл,, $18,67, 0 конв. за 8 дней — данных мало, оставить и наблюдать",P3
Страница,—,—,https://subzero-repair.site/fl/repair-near-me,1,17.88,0.0,"Сюда ведут объявления группы «07 SZ | Repair Near Me» всех FL-кампаний. Клик $219,69 (FL-BROWARD, 28.09) в отчёте по страницам не отражён (отчёт учёл $1 030 из $1 343 за день); у ключа QS 3, посадочная «ниже среднего» — на странице нужен город/зона в H1, телефон и форма над сгибом, отзывы из Broward",P1
Страница,—,—,https://sterling-homegroup.com/viking-refrigerator-repair.php,1,15.68,0.0,"1 кл,, $15,68, 0 конв. за 8 дней — данных мало, оставить и наблюдать",P3
Страница,—,—,https://subzero-repair-miami.site/,2,15.27,0.0,"2 кл,, $15,27, 0 конв. за 8 дней — данных мало, оставить и наблюдать",P3
Страница,—,—,https://sterling-homegroup.com/miami/gaggenau.php,1,15.22,0.0,"1 кл,, $15,22, 0 конв. за 8 дней — данных мало, оставить и наблюдать",P3
Страница,—,—,https://subzero-repair.site/fl/refrigerator-repair,1,14.83,0.0,"1 кл,, $14,83, 0 конв. за 8 дней — данных мало, оставить и наблюдать",P3
Страница,—,—,https://sterling-homegroup.com/wolf.php,2,12.12,0.0,"2 кл,, $12,12, 0 конв. за 8 дней — данных мало, оставить и наблюдать",P3
Страница,—,—,https://subzero-repair.site/fl/freezer-repair,1,11.79,0.0,"1 кл,, $11,79, 0 конв. за 8 дней — данных мало, оставить и наблюдать",P3
Страница,—,—,https://sterling-homegroup.com/miami/thermador-cooktop-repair.php,1,11.64,0.0,"1 кл,, $11,64, 0 конв. за 8 дней — данных мало, оставить и наблюдать",P3
Страница,—,—,https://sterling-homegroup.com/chicago/viking-refrigerator-repair.php,2,11.62,0.0,"2 кл,, $11,62, 0 конв. за 8 дней — данных мало, оставить и наблюдать",P3
Страница,—,—,https://sterling-homegroup.com/miami/subzero.php,1,10.55,0.0,"1 кл,, $10,55, 0 конв. за 8 дней — данных мало, оставить и наблюдать",P3
Страница,—,—,https://sterling-homegroup.com/chicago/subzero-wine-storage-repair.php,2,8.72,0.0,"2 кл,, $8,72, 0 конв. за 8 дней — данных мало, оставить и наблюдать",P3
Страница,—,—,https://subzero-repair.site/chicago/freezer-repair,1,8.47,0.0,"1 кл,, $8,47, 0 конв. за 8 дней — данных мало, оставить и наблюдать",P3
Страница,—,—,https://subzero-repair.site/fl/installation,2,8.44,0.0,"2 кл,, $8,44, 0 конв. за 8 дней — данных мало, оставить и наблюдать",P3
Страница,—,—,https://sterling-homegroup.com/destin/thermador-dishwasher-repair.php,1,8.14,0.0,"1 кл,, $8,14, 0 конв. за 8 дней — данных мало, оставить и наблюдать",P3
Страница,—,—,https://subzero-repair.site/fl/ice-maker-repair,1,7.76,0.0,"1 кл,, $7,76, 0 конв. за 8 дней — данных мало, оставить и наблюдать",P3
Страница,—,—,https://sterling-homegroup.com/miami/subzero-refrigerator-repair.php,2,6.34,0.0,"2 кл,, $6,34, 0 конв. за 8 дней — данных мало, оставить и наблюдать",P3
Страница,—,—,https://subzero-repair-miami.site/sub-zero-refrigerator-repair-miami.html,4,4.76,0.0,"4 кл,, $4,76, 0 конв. за 8 дней — данных мало, оставить и наблюдать",P3
Страница,—,—,https://sterling-homegroup.com/viking.php,1,4.45,1.0,"1 кл,, $4,45, 1 конв. за 8 дней — данных мало, оставить и наблюдать; страница с конверсией — ничего не менять",P3
Страница,—,—,https://sterling-homegroup.com/destin/wolf-range-repair.php,1,3.0,0.0,"1 кл,, $3,00, 0 конв. за 8 дней — данных мало, оставить и наблюдать",P3
Страница,—,—,https://subzero-repair.site/chicago/ice-maker-repair,1,2.33,1.0,"1 кл,, $2,33, 1 конв. за 8 дней — данных мало, оставить и наблюдать; страница с конверсией — ничего не менять",P3
Страница,—,—,https://subzero-repair-miami.site/sub-zero-service-miami.html,1,1.44,0.0,"1 кл,, $1,44, 0 конв. за 8 дней — данных мало, оставить и наблюдать",P3
Страница,—,—,https://sterling-homegroup.com/destin/gaggenau.php,0,0.0,0.0,"463 показа, 0 кликов — сайтлинк уровня аккаунта (см. выше)",P1
Страница,—,—,https://sterling-homegroup.com/destin/thermador.php,0,0.0,0.0,"287 показов, 0 кликов — то же",P1
Сайтлинки уровня аккаунта,все 22 кампании,Sub-Zero Repair / Wolf Repair / Miele Repair / Thermador Repair / Viking Repair / Gaggenau (предположительно),https://sterling-homegroup.com/destin/…,—,—,—,"В экспорте кампаний таких ссылок нет, но страницы /destin/*.php получили 287–562 показа за неделю при 136 показах всей кампании DESTIN. Проверить Объекты → Дополнительные ссылки → «Аккаунт» и убрать ссылки на /destin/ или сделать их только для DESTIN",P0
Домены,—,—,sterling-homegroup.com / subzero-repair.site / subzero-repair-miami.site / subzero-repair-tampa.site,—,—,—,"4 домена = 4 «бренда» для одного бизнеса. TLD .site воспринимается как спам владельцами техники за $15 000. Долгосрочно: перенести subzero-repair.site под sterling-homegroup.com/sub-zero/… или сделать полноценный бренд с отзывами, адресом, лицензией, страховкой",P2
Скорость,—,—,все,—,—,—,"В отчёте «Скорость на мобильных» пусто. Прогнать PageSpeed Insights для /chicago/subzero.php, /fl/repair-near-me, /miami/ — телефоны дают 71% расхода и 81% конверсий (22 из 27 за неделю)",P1
Качество посадочных,—,—,37 ключей с оценкой «ниже среднего»,—,—,—,"Проверить соответствие: заголовок H1 = ключ + город, телефон и форма над сгибом, отзывы с указанием района, фото техников, лицензия/страховка, гарантия 2 года теми же словами, что в объявлении",P1
Трекинг,—,—,Lux-кампании без Final URL suffix,—,—,—,"В 4 Lux-кампаниях нет параметров URL (в SZ есть). Добавить единый suffix с {campaignid}, {adgroupid}, {keyword}, {matchtype}, {device}, {loc_physical_ms} для GA4/CRM",P1
Трекинг,—,—,"Группы 08, 14, 15 в SZ-кампаниях без {_svc}",—,—,—,В 54 группах (3 × 18 кампаний) не задан {_svc} → в URL «svc=» пустой. Задать значения repair-general / emergency / cities,P2
