Приоритет,Область,Что сделать,Где,Почему (данные),Эффект
P0,Бюджет,Снизить дневные бюджеты 22 кампаний с $17 450/день до ~$2 950/день (см. CSV 04). 28.09 к 13:00 уже потрачено $1 403 — темп $2 500–3 000/день против $680/день неделей ранее,Кампании → Бюджет,Сумма бюджетов = теоретический потолок $530 000/мес; при выходе tCPA из обучения расход может вырасти в разы за один день,Защита от перерасхода
P0,Ставки,"Открыть Инструменты → Стратегии назначения ставок → «TA, MI SUBZERO», «FL LUX», «CHI LUX» и проверить, заполнено ли поле «Максимальный предел ставки». Название стратегии — просто текст",Инструменты → Стратегии,"Клики $219,69 (28.09), $122,74, $120,60 в портфелях «cap 60»; $133,74×2, $123,19 в «cap 70»","Понимание, работает ли лимит"
P0,Ставки,"Установить лимит: FL LUX = $50, TA/MI SUBZERO = $50, CHI LUX = $60. CHI-CITY перевести из «175/45» в CHI LUX; стратегию «175/50» (0 кампаний) удалить",Инструменты → Стратегии,"Формула: лимит ≈ tCPA × CVR × 1,75 (175 × 0,165 × 1,75 ≈ $50; Chicago CVR 20% → $60)",Средний CPC ↓ 10–20% без потери «near me» запросов
P0,Ставки,"История изменений за 20–28.09: когда менялась стратегия у CHICAGO (название «MaxConv», сейчас tCPA) и когда были установлены лимиты",Инструменты → История изменений,Если дорогие клики были до установки лимита — проблема уже решена,Диагностика
P0,Показы,"Выяснить, почему в воскресенье 27.09 с 13:00 до 24:00 (по времени аккаунта) не было ни одного показа. Проверить биллинг, лимит расходов, статус объявлений, историю изменений",Биллинг; История изменений,Отчёт «День и час»: Вс 13–23 ч = 0 показов при 200 показах утром,Не терять вечерние аварийные заявки
P0,Объявления,Исправить сайтлинки 11 FL-кампаний: 8 из 10 ведут на /chicago/ страницы (см. CSV 06),Объекты → Дополнительные ссылки,Клиент из Флориды видит страницу Чикаго,"Меньше отказов, выше конверсия"
P0,Объявления,Заменить запасной текст «{KeyWord:Sub-Zero Repair Florida}» в группе «08 SZ | Repair General» 7 чикагских кампаний,Объявления,14 RSA с текстом «Florida» в Чикаго,Релевантность
P0,Объявления,"Подтвердить документально статус Sub-Zero Factory Certified или убрать слово «Factory» из 568 заголовков, колл-аутов и сайтлинков","Объявления, объекты",Риск отклонения по правилам и жалобы правообладателя,Защита аккаунта
P0,Минус-слова,"Загрузить CSV 01: конкуренты (seasonal comfort, c&w, dube, gantt, box appliance, mr appliance), горячие линии (jennair com, service number), DIY (replacement cost, panels)",Editor → импорт,Пустые показы и клики по чужим брендам,Чистый трафик
P0,Ключи,"Пауза: группа «17 Vacation Rentals & Property Managers» (Destin), фразовые Jenn-Air, фразовые Fisher & Paykel; фразовые «wolf repair near me», «thermador service», «luxury appliance repair» перевести в точные (CSV 03)",Ключевые слова,"$102 + $175 + $349 без результата; «wolf repair near me» — 2 клика по $133,74",≈ $90/день экономии
P0,Конверсии,"Проверить действия-конверсии: в аккаунте три ценности (300 / 100 / 1). Основными для ставок оставить звонок ≥ 60 сек, лид-форму и заявку с сайта; остальное — второстепенными",Цели → Конверсии,"tCPA оптимизируется под всё, что помечено основным; «конверсия» за $1 портит обучение",Качество лидов
P0,Звонки,Проверить call asset на уровне аккаунта; добавить номера с отслеживанием в 18 SZ-кампаний (в экспорте есть только в 4 Lux),Объекты → Номера телефонов,"Звонки — 8 из 27 конверсий недели, 3 из 6 сегодня",Не терять звонки
P1,Структура,"Убрать пересечение Lux ↔ Sub-Zero: в CHICAGO Lux и DESTIN Lux либо добавить минус «sub zero/subzero/sub-zero» (как в MIAMI/TAMPA), либо поставить на паузу 5 внутренних CHI-* кампаний. Один запрос — одна кампания",Кампании,50 запросов показывались в 2–4 кампаниях одновременно; «sub zero refrigerator repair miami» — в 3,"Быстрее обучение, ниже CPC"
P1,Структура,Объединить 11 FL Sub-Zero кампаний в 3–4 и 7 CHI в 2–3 (гео добавляется списком; {_zone} перенести на уровень группы или брать из {loc_physical_ms}),Editor,18 клонов по 15 групп и 600–1200 ключей: по 0–2 клика в день на кампанию,"Управляемость, объём данных"
P1,Структура,"Создать brand-кампанию «Sterling Home Group» (Manual CPC $3–5, точные ключи)",Кампании,"«sterling sub zero» — 2 конв. за $25,88 через ключ общей группы",Дешёвые брендовые лиды
P1,Ключи,Добавить точные ключи из конвертирующих запросов (CSV 02),Ключевые слова,12 запросов с конверсиями,Контроль и QS
P1,Ключи,"Разобрать 302 конфликта минус-слов и ключей (CSV 08): «certified», «authorized», «factory certified» в Lux блокируют собственные ключи «sub zero authorized repair»",Минус-слова,Запрос «authorized sub zero repair» не может показаться в Lux,Не терять горячие запросы
P1,Объявления,Переписать 28 RSA с Ad strength «Poor»; снять закрепления H4–H6 и D1 во всех 660 RSA; заменить {LOCATION(City):Near You} на название зоны в FL,Объявления,632 Average / 28 Poor / 0 Good,"CTR, Ad Rank"
P1,Объявления,"Добавить structured snippets (бренды, услуги), изображения, business name/logo для SZ-кампаний, связать Google Business Profile",Объекты,Расширений мало,CTR +5–15%
P1,Посадочные,Создать /tampa/ страницы; починить страницу /fl/repair-near-me (QS 3); PageSpeed для мобильных; единая гарантия и «Factory Certified» на сайте,Сайт,"Корень sterling-homegroup.com: 11 кликов, $265, 0 конв.",CVR
P1,Трекинг,Добавить Final URL suffix в 4 Lux-кампании; задать {_svc} в группах 08/14/15; настроить импорт офлайн-конверсий «выезд состоялся» / «заказ оплачен»,Настройки кампании; Цели,"Без офлайн-данных tCPA учится на звонках, а не на деньгах",Обучение на реальной прибыли
P1,Минус-слова,"В 18 SZ-кампаниях добавить минус-фразы Wolf/Miele/Cove (CSV 01), чтобы кросс-бренд уходил в Lux",Минус-слова,«certified wolf appliance repair near me» показывался в CHI-CITY/CHI-WEST,Правильная посадочная
P2,Ставки,После выхода из обучения (≥30 конв. в портфеле или 2–3 недели): снижать tCPA на 10% раз в 2 недели до $140–150; следить за долей показов (сейчас 67% по точным),Стратегии,"Фактический CPA: неделя $176, 28.09 $234",Дешевле лид
P2,Аудитории,"Добавить аудитории наблюдения (владельцы люкс-недвижимости, In-market: Appliance repair, ремаркетинг 30 дней) — без корректировок ставок под tCPA",Аудитории,Данные для будущих корректировок,Понимание аудитории
P2,Расписание,Оценить конверсии по часам: 28.09 5 из 6 конверсий до 10:00; суббота — $509 и 1 конв. Через 3–4 недели решить о −100% для 0–5 ч и корректировке субботы,Расписание показов,Пока данных мало,Экономия ночью
P2,Испанский,"Отдельная испаноязычная кампания для Miami (язык Spanish, испанская посадочная)",Кампании,"33 ключа, 0 показов в текущих группах",Новый сегмент
P2,Ключи,Почистить 7 220 ключей «редко показывается» (48%) и группы «15 SZ | Cities» до городов с реальным спросом,Editor,"Шум в отчётах, медленный Editor",Управляемость
P2,Конкуренты,"midweststandards.com выше вас в 70% совместных аукционов (Chicago). Улучшать QS (ожидаемый CTR «ниже среднего» у 112 из 150 ключей) через объявления и посадочные, а не ставки",Статистика аукционов,"Доля показов 58%, верх 74%",Позиция без роста CPC
P3,Рутина,Каждый понедельник: отчёт по поисковым запросам за 7 дней → минус-слова / новые точные ключи; проверка CPA по портфелям; проверка бюджетов; выборочно 5 самых дорогих кликов,Отчёты,Скрытые «другие запросы» = 47% расхода — контролировать через видимые,Дисциплина
P3,Рутина,"Раз в 2 недели: A/B заголовков (симптом vs гарантия vs same-day), проверка Ad strength, обновление отзывов на посадочных",Объявления,,Рост CTR/CVR
