Campaign,Минус-слово,Тип минус-слова,Конфликтующий ключ,Тип ключа,Ad Group,Статус группы,Комментарий
CHICAGO | Lux Search | MaxConv 2026,certified,Campaign Negative Broad,wolf factory certified service,Phrase,06 Wolf | Oven & General,Enabled,"Минус «certified» (широкий) на уровне кампании не даст показаться по ключу «wolf factory certified service» ни одному запросу со словом «certified». Решение зависит от P0-задачи «Factory Certified» в CSV 07: если статус подтверждён документально — снять в этой кампании минусы «factory» (широкий), «factory certified» (фразовый) и «certified» (широкий) одновременно; если нет — минусы оставить, а ключ удалить или поставить на паузу. По видимым запросам 21–28.09 слова certified/authorized/factory дали 6 кликов, $128,67 и 0 конверсий во всех кампаниях — спрос есть, конверсий пока не видно. Только активные группы; пары в группах на паузе (Sub-Zero-группы MIAMI/TAMPA) сюда не включены"
CHICAGO | Lux Search | MaxConv 2026,factory,Campaign Negative Broad,wolf factory certified service,Phrase,06 Wolf | Oven & General,Enabled,"Минус «factory» (широкий) на уровне кампании не даст показаться по ключу «wolf factory certified service» ни одному запросу со словом «factory». Решение зависит от P0-задачи «Factory Certified» в CSV 07: если статус подтверждён документально — снять в этой кампании минусы «factory» (широкий), «factory certified» (фразовый) и «certified» (широкий) одновременно; если нет — минусы оставить, а ключ удалить или поставить на паузу. По видимым запросам 21–28.09 слова certified/authorized/factory дали 6 кликов, $128,67 и 0 конверсий во всех кампаниях — спрос есть, конверсий пока не видно. Только активные группы; пары в группах на паузе (Sub-Zero-группы MIAMI/TAMPA) сюда не включены"
CHICAGO | Lux Search | MaxConv 2026,factory certified,Campaign Negative Phrase,wolf factory certified service,Phrase,06 Wolf | Oven & General,Enabled,"Минус «factory certified» (фразовый) на уровне кампании не даст показаться по ключу «wolf factory certified service» ни одному запросу, в котором фраза «factory certified» стоит подряд в этом порядке. Решение зависит от P0-задачи «Factory Certified» в CSV 07: если статус подтверждён документально — снять в этой кампании минусы «factory» (широкий), «factory certified» (фразовый) и «certified» (широкий) одновременно; если нет — минусы оставить, а ключ удалить или поставить на паузу. По видимым запросам 21–28.09 слова certified/authorized/factory дали 6 кликов, $128,67 и 0 конверсий во всех кампаниях — спрос есть, конверсий пока не видно. Только активные группы; пары в группах на паузе (Sub-Zero-группы MIAMI/TAMPA) сюда не включены"
CHICAGO | Lux Search | MaxConv 2026,certified,Campaign Negative Broad,wolf certified repair,Phrase,06 Wolf | Oven & General,Enabled,"Минус «certified» (широкий) на уровне кампании не даст показаться по ключу «wolf certified repair» ни одному запросу со словом «certified». Решение зависит от P0-задачи «Factory Certified» в CSV 07: если статус подтверждён документально — снять в этой кампании минусы «factory» (широкий), «factory certified» (фразовый) и «certified» (широкий) одновременно; если нет — минусы оставить, а ключ удалить или поставить на паузу. По видимым запросам 21–28.09 слова certified/authorized/factory дали 6 кликов, $128,67 и 0 конверсий во всех кампаниях — спрос есть, конверсий пока не видно. Только активные группы; пары в группах на паузе (Sub-Zero-группы MIAMI/TAMPA) сюда не включены"
CHICAGO | Lux Search | MaxConv 2026,authorized,Campaign Negative Broad,wolf authorized repair,Phrase,06 Wolf | Oven & General,Enabled,"Минус «authorized» (широкий) на уровне кампании не даст показаться по ключу «wolf authorized repair» ни одному запросу со словом «authorized». Если вы авторизованный сервис (есть подтверждение) — снять одновременно минусы «authorized» (широкий), «authorized repair» и «authorized service» (фразовые); если нет — минусы оставить, ключ удалить или поставить на паузу. По видимым запросам 21–28.09 слова certified/authorized/factory дали 6 кликов, $128,67 и 0 конверсий во всех кампаниях — спрос есть, конверсий пока не видно. Только активные группы; пары в группах на паузе (Sub-Zero-группы MIAMI/TAMPA) сюда не включены"
CHICAGO | Lux Search | MaxConv 2026,authorized repair,Campaign Negative Phrase,wolf authorized repair,Phrase,06 Wolf | Oven & General,Enabled,"Минус «authorized repair» (фразовый) на уровне кампании не даст показаться по ключу «wolf authorized repair» ни одному запросу, в котором фраза «authorized repair» стоит подряд в этом порядке. Если вы авторизованный сервис (есть подтверждение) — снять одновременно минусы «authorized» (широкий), «authorized repair» и «authorized service» (фразовые); если нет — минусы оставить, ключ удалить или поставить на паузу. По видимым запросам 21–28.09 слова certified/authorized/factory дали 6 кликов, $128,67 и 0 конверсий во всех кампаниях — спрос есть, конверсий пока не видно. Только активные группы; пары в группах на паузе (Sub-Zero-группы MIAMI/TAMPA) сюда не включены"
CHICAGO | Lux Search | MaxConv 2026,authorized,Campaign Negative Broad,wolf authorized service,Phrase,06 Wolf | Oven & General,Enabled,"Минус «authorized» (широкий) на уровне кампании не даст показаться по ключу «wolf authorized service» ни одному запросу со словом «authorized». Ключ ставится на паузу по CSV 03 — конфликт закрывается паузой ключа, минусы не трогать"
CHICAGO | Lux Search | MaxConv 2026,authorized service,Campaign Negative Phrase,wolf authorized service,Phrase,06 Wolf | Oven & General,Enabled,"Минус «authorized service» (фразовый) на уровне кампании не даст показаться по ключу «wolf authorized service» ни одному запросу, в котором фраза «authorized service» стоит подряд в этом порядке. Ключ ставится на паузу по CSV 03 — конфликт закрывается паузой ключа, минусы не трогать"
CHICAGO | Lux Search | MaxConv 2026,authorized,Campaign Negative Broad,sub zero authorized service,Phrase,03 Sub-Zero | Repair General,Enabled,"Минус «authorized» (широкий) на уровне кампании не даст показаться по ключу «sub zero authorized service» ни одному запросу со словом «authorized». Если вы авторизованный сервис (есть подтверждение) — снять одновременно минусы «authorized» (широкий), «authorized repair» и «authorized service» (фразовые); если нет — минусы оставить, ключ удалить или поставить на паузу. По видимым запросам 21–28.09 слова certified/authorized/factory дали 6 кликов, $128,67 и 0 конверсий во всех кампаниях — спрос есть, конверсий пока не видно. Если по CSV 07 (P1 «Структура», вариант Б) в эту кампанию будет добавлен минус «sub zero/subzero/sub-zero», группы 01–04 Sub-Zero ставятся на паузу целиком — тогда эта строка не актуальна. Только активные группы; пары в группах на паузе (Sub-Zero-группы MIAMI/TAMPA) сюда не включены"
CHICAGO | Lux Search | MaxConv 2026,authorized service,Campaign Negative Phrase,sub zero authorized service,Phrase,03 Sub-Zero | Repair General,Enabled,"Минус «authorized service» (фразовый) на уровне кампании не даст показаться по ключу «sub zero authorized service» ни одному запросу, в котором фраза «authorized service» стоит подряд в этом порядке. Если вы авторизованный сервис (есть подтверждение) — снять одновременно минусы «authorized» (широкий), «authorized repair» и «authorized service» (фразовые); если нет — минусы оставить, ключ удалить или поставить на паузу. По видимым запросам 21–28.09 слова certified/authorized/factory дали 6 кликов, $128,67 и 0 конверсий во всех кампаниях — спрос есть, конверсий пока не видно. Если по CSV 07 (P1 «Структура», вариант Б) в эту кампанию будет добавлен минус «sub zero/subzero/sub-zero», группы 01–04 Sub-Zero ставятся на паузу целиком — тогда эта строка не актуальна. Только активные группы; пары в группах на паузе (Sub-Zero-группы MIAMI/TAMPA) сюда не включены"
CHICAGO | Lux Search | MaxConv 2026,certified,Campaign Negative Broad,sub zero certified technician,Phrase,03 Sub-Zero | Repair General,Enabled,"Минус «certified» (широкий) на уровне кампании не даст показаться по ключу «sub zero certified technician» ни одному запросу со словом «certified». Решение зависит от P0-задачи «Factory Certified» в CSV 07: если статус подтверждён документально — снять в этой кампании минусы «factory» (широкий), «factory certified» (фразовый) и «certified» (широкий) одновременно; если нет — минусы оставить, а ключ удалить или поставить на паузу. По видимым запросам 21–28.09 слова certified/authorized/factory дали 6 кликов, $128,67 и 0 конверсий во всех кампаниях — спрос есть, конверсий пока не видно. Если по CSV 07 (P1 «Структура», вариант Б) в эту кампанию будет добавлен минус «sub zero/subzero/sub-zero», группы 01–04 Sub-Zero ставятся на паузу целиком — тогда эта строка не актуальна. Только активные группы; пары в группах на паузе (Sub-Zero-группы MIAMI/TAMPA) сюда не включены"
CHICAGO | Lux Search | MaxConv 2026,certified,Campaign Negative Broad,factory certified sub zero repair,Phrase,03 Sub-Zero | Repair General,Enabled,"Минус «certified» (широкий) на уровне кампании не даст показаться по ключу «factory certified sub zero repair» ни одному запросу со словом «certified». Решение зависит от P0-задачи «Factory Certified» в CSV 07: если статус подтверждён документально — снять в этой кампании минусы «factory» (широкий), «factory certified» (фразовый) и «certified» (широкий) одновременно; если нет — минусы оставить, а ключ удалить или поставить на паузу. По видимым запросам 21–28.09 слова certified/authorized/factory дали 6 кликов, $128,67 и 0 конверсий во всех кампаниях — спрос есть, конверсий пока не видно. Если по CSV 07 (P1 «Структура», вариант Б) в эту кампанию будет добавлен минус «sub zero/subzero/sub-zero», группы 01–04 Sub-Zero ставятся на паузу целиком — тогда эта строка не актуальна. Только активные группы; пары в группах на паузе (Sub-Zero-группы MIAMI/TAMPA) сюда не включены"
CHICAGO | Lux Search | MaxConv 2026,factory,Campaign Negative Broad,factory certified sub zero repair,Phrase,03 Sub-Zero | Repair General,Enabled,"Минус «factory» (широкий) на уровне кампании не даст показаться по ключу «factory certified sub zero repair» ни одному запросу со словом «factory». Решение зависит от P0-задачи «Factory Certified» в CSV 07: если статус подтверждён документально — снять в этой кампании минусы «factory» (широкий), «factory certified» (фразовый) и «certified» (широкий) одновременно; если нет — минусы оставить, а ключ удалить или поставить на паузу. По видимым запросам 21–28.09 слова certified/authorized/factory дали 6 кликов, $128,67 и 0 конверсий во всех кампаниях — спрос есть, конверсий пока не видно. Если по CSV 07 (P1 «Структура», вариант Б) в эту кампанию будет добавлен минус «sub zero/subzero/sub-zero», группы 01–04 Sub-Zero ставятся на паузу целиком — тогда эта строка не актуальна. Только активные группы; пары в группах на паузе (Sub-Zero-группы MIAMI/TAMPA) сюда не включены"
CHICAGO | Lux Search | MaxConv 2026,factory certified,Campaign Negative Phrase,factory certified sub zero repair,Phrase,03 Sub-Zero | Repair General,Enabled,"Минус «factory certified» (фразовый) на уровне кампании не даст показаться по ключу «factory certified sub zero repair» ни одному запросу, в котором фраза «factory certified» стоит подряд в этом порядке. Решение зависит от P0-задачи «Factory Certified» в CSV 07: если статус подтверждён документально — снять в этой кампании минусы «factory» (широкий), «factory certified» (фразовый) и «certified» (широкий) одновременно; если нет — минусы оставить, а ключ удалить или поставить на паузу. По видимым запросам 21–28.09 слова certified/authorized/factory дали 6 кликов, $128,67 и 0 конверсий во всех кампаниях — спрос есть, конверсий пока не видно. Если по CSV 07 (P1 «Структура», вариант Б) в эту кампанию будет добавлен минус «sub zero/subzero/sub-zero», группы 01–04 Sub-Zero ставятся на паузу целиком — тогда эта строка не актуальна. Только активные группы; пары в группах на паузе (Sub-Zero-группы MIAMI/TAMPA) сюда не включены"
CHICAGO | Lux Search | MaxConv 2026,certified,Campaign Negative Broad,sub zero certified repair,Phrase,03 Sub-Zero | Repair General,Enabled,"Минус «certified» (широкий) на уровне кампании не даст показаться по ключу «sub zero certified repair» ни одному запросу со словом «certified». Решение зависит от P0-задачи «Factory Certified» в CSV 07: если статус подтверждён документально — снять в этой кампании минусы «factory» (широкий), «factory certified» (фразовый) и «certified» (широкий) одновременно; если нет — минусы оставить, а ключ удалить или поставить на паузу. По видимым запросам 21–28.09 слова certified/authorized/factory дали 6 кликов, $128,67 и 0 конверсий во всех кампаниях — спрос есть, конверсий пока не видно. Если по CSV 07 (P1 «Структура», вариант Б) в эту кампанию будет добавлен минус «sub zero/subzero/sub-zero», группы 01–04 Sub-Zero ставятся на паузу целиком — тогда эта строка не актуальна. Только активные группы; пары в группах на паузе (Sub-Zero-группы MIAMI/TAMPA) сюда не включены"
CHICAGO | Lux Search | MaxConv 2026,certified,Campaign Negative Broad,sub zero factory certified service,Phrase,03 Sub-Zero | Repair General,Enabled,"Минус «certified» (широкий) на уровне кампании не даст показаться по ключу «sub zero factory certified service» ни одному запросу со словом «certified». Решение зависит от P0-задачи «Factory Certified» в CSV 07: если статус подтверждён документально — снять в этой кампании минусы «factory» (широкий), «factory certified» (фразовый) и «certified» (широкий) одновременно; если нет — минусы оставить, а ключ удалить или поставить на паузу. По видимым запросам 21–28.09 слова certified/authorized/factory дали 6 кликов, $128,67 и 0 конверсий во всех кампаниях — спрос есть, конверсий пока не видно. Если по CSV 07 (P1 «Структура», вариант Б) в эту кампанию будет добавлен минус «sub zero/subzero/sub-zero», группы 01–04 Sub-Zero ставятся на паузу целиком — тогда эта строка не актуальна. Только активные группы; пары в группах на паузе (Sub-Zero-группы MIAMI/TAMPA) сюда не включены"
CHICAGO | Lux Search | MaxConv 2026,factory,Campaign Negative Broad,sub zero factory certified service,Phrase,03 Sub-Zero | Repair General,Enabled,"Минус «factory» (широкий) на уровне кампании не даст показаться по ключу «sub zero factory certified service» ни одному запросу со словом «factory». Решение зависит от P0-задачи «Factory Certified» в CSV 07: если статус подтверждён документально — снять в этой кампании минусы «factory» (широкий), «factory certified» (фразовый) и «certified» (широкий) одновременно; если нет — минусы оставить, а ключ удалить или поставить на паузу. По видимым запросам 21–28.09 слова certified/authorized/factory дали 6 кликов, $128,67 и 0 конверсий во всех кампаниях — спрос есть, конверсий пока не видно. Если по CSV 07 (P1 «Структура», вариант Б) в эту кампанию будет добавлен минус «sub zero/subzero/sub-zero», группы 01–04 Sub-Zero ставятся на паузу целиком — тогда эта строка не актуальна. Только активные группы; пары в группах на паузе (Sub-Zero-группы MIAMI/TAMPA) сюда не включены"
CHICAGO | Lux Search | MaxConv 2026,factory certified,Campaign Negative Phrase,sub zero factory certified service,Phrase,03 Sub-Zero | Repair General,Enabled,"Минус «factory certified» (фразовый) на уровне кампании не даст показаться по ключу «sub zero factory certified service» ни одному запросу, в котором фраза «factory certified» стоит подряд в этом порядке. Решение зависит от P0-задачи «Factory Certified» в CSV 07: если статус подтверждён документально — снять в этой кампании минусы «factory» (широкий), «factory certified» (фразовый) и «certified» (широкий) одновременно; если нет — минусы оставить, а ключ удалить или поставить на паузу. По видимым запросам 21–28.09 слова certified/authorized/factory дали 6 кликов, $128,67 и 0 конверсий во всех кампаниях — спрос есть, конверсий пока не видно. Если по CSV 07 (P1 «Структура», вариант Б) в эту кампанию будет добавлен минус «sub zero/subzero/sub-zero», группы 01–04 Sub-Zero ставятся на паузу целиком — тогда эта строка не актуальна. Только активные группы; пары в группах на паузе (Sub-Zero-группы MIAMI/TAMPA) сюда не включены"
CHICAGO | Lux Search | MaxConv 2026,authorized,Campaign Negative Broad,sub zero authorized repair,Phrase,03 Sub-Zero | Repair General,Enabled,"Минус «authorized» (широкий) на уровне кампании не даст показаться по ключу «sub zero authorized repair» ни одному запросу со словом «authorized». Если вы авторизованный сервис (есть подтверждение) — снять одновременно минусы «authorized» (широкий), «authorized repair» и «authorized service» (фразовые); если нет — минусы оставить, ключ удалить или поставить на паузу. По видимым запросам 21–28.09 слова certified/authorized/factory дали 6 кликов, $128,67 и 0 конверсий во всех кампаниях — спрос есть, конверсий пока не видно. Если по CSV 07 (P1 «Структура», вариант Б) в эту кампанию будет добавлен минус «sub zero/subzero/sub-zero», группы 01–04 Sub-Zero ставятся на паузу целиком — тогда эта строка не актуальна. Только активные группы; пары в группах на паузе (Sub-Zero-группы MIAMI/TAMPA) сюда не включены"
CHICAGO | Lux Search | MaxConv 2026,authorized repair,Campaign Negative Phrase,sub zero authorized repair,Phrase,03 Sub-Zero | Repair General,Enabled,"Минус «authorized repair» (фразовый) на уровне кампании не даст показаться по ключу «sub zero authorized repair» ни одному запросу, в котором фраза «authorized repair» стоит подряд в этом порядке. Если вы авторизованный сервис (есть подтверждение) — снять одновременно минусы «authorized» (широкий), «authorized repair» и «authorized service» (фразовые); если нет — минусы оставить, ключ удалить или поставить на паузу. По видимым запросам 21–28.09 слова certified/authorized/factory дали 6 кликов, $128,67 и 0 конверсий во всех кампаниях — спрос есть, конверсий пока не видно. Если по CSV 07 (P1 «Структура», вариант Б) в эту кампанию будет добавлен минус «sub zero/subzero/sub-zero», группы 01–04 Sub-Zero ставятся на паузу целиком — тогда эта строка не актуальна. Только активные группы; пары в группах на паузе (Sub-Zero-группы MIAMI/TAMPA) сюда не включены"
CHICAGO | Lux Search | MaxConv 2026,certified,Campaign Negative Broad,sub zero factory certified service,Exact,03 Sub-Zero | Repair General,Enabled,"Минус «certified» (широкий) на уровне кампании не даст показаться по ключу «sub zero factory certified service» ни одному запросу со словом «certified». Решение зависит от P0-задачи «Factory Certified» в CSV 07: если статус подтверждён документально — снять в этой кампании минусы «factory» (широкий), «factory certified» (фразовый) и «certified» (широкий) одновременно; если нет — минусы оставить, а ключ удалить или поставить на паузу. По видимым запросам 21–28.09 слова certified/authorized/factory дали 6 кликов, $128,67 и 0 конверсий во всех кампаниях — спрос есть, конверсий пока не видно. Если по CSV 07 (P1 «Структура», вариант Б) в эту кампанию будет добавлен минус «sub zero/subzero/sub-zero», группы 01–04 Sub-Zero ставятся на паузу целиком — тогда эта строка не актуальна. Только активные группы; пары в группах на паузе (Sub-Zero-группы MIAMI/TAMPA) сюда не включены"
CHICAGO | Lux Search | MaxConv 2026,factory,Campaign Negative Broad,sub zero factory certified service,Exact,03 Sub-Zero | Repair General,Enabled,"Минус «factory» (широкий) на уровне кампании не даст показаться по ключу «sub zero factory certified service» ни одному запросу со словом «factory». Решение зависит от P0-задачи «Factory Certified» в CSV 07: если статус подтверждён документально — снять в этой кампании минусы «factory» (широкий), «factory certified» (фразовый) и «certified» (широкий) одновременно; если нет — минусы оставить, а ключ удалить или поставить на паузу. По видимым запросам 21–28.09 слова certified/authorized/factory дали 6 кликов, $128,67 и 0 конверсий во всех кампаниях — спрос есть, конверсий пока не видно. Если по CSV 07 (P1 «Структура», вариант Б) в эту кампанию будет добавлен минус «sub zero/subzero/sub-zero», группы 01–04 Sub-Zero ставятся на паузу целиком — тогда эта строка не актуальна. Только активные группы; пары в группах на паузе (Sub-Zero-группы MIAMI/TAMPA) сюда не включены"
CHICAGO | Lux Search | MaxConv 2026,factory certified,Campaign Negative Phrase,sub zero factory certified service,Exact,03 Sub-Zero | Repair General,Enabled,"Минус «factory certified» (фразовый) на уровне кампании не даст показаться по ключу «sub zero factory certified service» ни одному запросу, в котором фраза «factory certified» стоит подряд в этом порядке. Решение зависит от P0-задачи «Factory Certified» в CSV 07: если статус подтверждён документально — снять в этой кампании минусы «factory» (широкий), «factory certified» (фразовый) и «certified» (широкий) одновременно; если нет — минусы оставить, а ключ удалить или поставить на паузу. По видимым запросам 21–28.09 слова certified/authorized/factory дали 6 кликов, $128,67 и 0 конверсий во всех кампаниях — спрос есть, конверсий пока не видно. Если по CSV 07 (P1 «Структура», вариант Б) в эту кампанию будет добавлен минус «sub zero/subzero/sub-zero», группы 01–04 Sub-Zero ставятся на паузу целиком — тогда эта строка не актуальна. Только активные группы; пары в группах на паузе (Sub-Zero-группы MIAMI/TAMPA) сюда не включены"
DESTIN | Lux Search | tCPA 2026,authorized,Campaign Negative Broad,wolf authorized repair,Phrase,06 Wolf | Oven & General,Enabled,"Минус «authorized» (широкий) на уровне кампании не даст показаться по ключу «wolf authorized repair» ни одному запросу со словом «authorized». Если вы авторизованный сервис (есть подтверждение) — снять одновременно минусы «authorized» (широкий), «authorized repair» и «authorized service» (фразовые); если нет — минусы оставить, ключ удалить или поставить на паузу. По видимым запросам 21–28.09 слова certified/authorized/factory дали 6 кликов, $128,67 и 0 конверсий во всех кампаниях — спрос есть, конверсий пока не видно. Только активные группы; пары в группах на паузе (Sub-Zero-группы MIAMI/TAMPA) сюда не включены"
DESTIN | Lux Search | tCPA 2026,authorized repair,Campaign Negative Phrase,wolf authorized repair,Phrase,06 Wolf | Oven & General,Enabled,"Минус «authorized repair» (фразовый) на уровне кампании не даст показаться по ключу «wolf authorized repair» ни одному запросу, в котором фраза «authorized repair» стоит подряд в этом порядке. Если вы авторизованный сервис (есть подтверждение) — снять одновременно минусы «authorized» (широкий), «authorized repair» и «authorized service» (фразовые); если нет — минусы оставить, ключ удалить или поставить на паузу. По видимым запросам 21–28.09 слова certified/authorized/factory дали 6 кликов, $128,67 и 0 конверсий во всех кампаниях — спрос есть, конверсий пока не видно. Только активные группы; пары в группах на паузе (Sub-Zero-группы MIAMI/TAMPA) сюда не включены"
DESTIN | Lux Search | tCPA 2026,factory,Campaign Negative Broad,wolf factory certified service,Phrase,06 Wolf | Oven & General,Enabled,"Минус «factory» (широкий) на уровне кампании не даст показаться по ключу «wolf factory certified service» ни одному запросу со словом «factory». Решение зависит от P0-задачи «Factory Certified» в CSV 07: если статус подтверждён документально — снять в этой кампании минусы «factory» (широкий), «factory certified» (фразовый) и «certified» (широкий) одновременно; если нет — минусы оставить, а ключ удалить или поставить на паузу. По видимым запросам 21–28.09 слова certified/authorized/factory дали 6 кликов, $128,67 и 0 конверсий во всех кампаниях — спрос есть, конверсий пока не видно. Только активные группы; пары в группах на паузе (Sub-Zero-группы MIAMI/TAMPA) сюда не включены"
DESTIN | Lux Search | tCPA 2026,certified,Campaign Negative Broad,wolf factory certified service,Phrase,06 Wolf | Oven & General,Enabled,"Минус «certified» (широкий) на уровне кампании не даст показаться по ключу «wolf factory certified service» ни одному запросу со словом «certified». Решение зависит от P0-задачи «Factory Certified» в CSV 07: если статус подтверждён документально — снять в этой кампании минусы «factory» (широкий), «factory certified» (фразовый) и «certified» (широкий) одновременно; если нет — минусы оставить, а ключ удалить или поставить на паузу. По видимым запросам 21–28.09 слова certified/authorized/factory дали 6 кликов, $128,67 и 0 конверсий во всех кампаниях — спрос есть, конверсий пока не видно. Только активные группы; пары в группах на паузе (Sub-Zero-группы MIAMI/TAMPA) сюда не включены"
DESTIN | Lux Search | tCPA 2026,factory certified,Campaign Negative Phrase,wolf factory certified service,Phrase,06 Wolf | Oven & General,Enabled,"Минус «factory certified» (фразовый) на уровне кампании не даст показаться по ключу «wolf factory certified service» ни одному запросу, в котором фраза «factory certified» стоит подряд в этом порядке. Решение зависит от P0-задачи «Factory Certified» в CSV 07: если статус подтверждён документально — снять в этой кампании минусы «factory» (широкий), «factory certified» (фразовый) и «certified» (широкий) одновременно; если нет — минусы оставить, а ключ удалить или поставить на паузу. По видимым запросам 21–28.09 слова certified/authorized/factory дали 6 кликов, $128,67 и 0 конверсий во всех кампаниях — спрос есть, конверсий пока не видно. Только активные группы; пары в группах на паузе (Sub-Zero-группы MIAMI/TAMPA) сюда не включены"
DESTIN | Lux Search | tCPA 2026,authorized,Campaign Negative Broad,wolf authorized service,Phrase,06 Wolf | Oven & General,Enabled,"Минус «authorized» (широкий) на уровне кампании не даст показаться по ключу «wolf authorized service» ни одному запросу со словом «authorized». Если вы авторизованный сервис (есть подтверждение) — снять одновременно минусы «authorized» (широкий), «authorized repair» и «authorized service» (фразовые); если нет — минусы оставить, ключ удалить или поставить на паузу. По видимым запросам 21–28.09 слова certified/authorized/factory дали 6 кликов, $128,67 и 0 конверсий во всех кампаниях — спрос есть, конверсий пока не видно. Только активные группы; пары в группах на паузе (Sub-Zero-группы MIAMI/TAMPA) сюда не включены"
DESTIN | Lux Search | tCPA 2026,authorized service,Campaign Negative Phrase,wolf authorized service,Phrase,06 Wolf | Oven & General,Enabled,"Минус «authorized service» (фразовый) на уровне кампании не даст показаться по ключу «wolf authorized service» ни одному запросу, в котором фраза «authorized service» стоит подряд в этом порядке. Если вы авторизованный сервис (есть подтверждение) — снять одновременно минусы «authorized» (широкий), «authorized repair» и «authorized service» (фразовые); если нет — минусы оставить, ключ удалить или поставить на паузу. По видимым запросам 21–28.09 слова certified/authorized/factory дали 6 кликов, $128,67 и 0 конверсий во всех кампаниях — спрос есть, конверсий пока не видно. Только активные группы; пары в группах на паузе (Sub-Zero-группы MIAMI/TAMPA) сюда не включены"
DESTIN | Lux Search | tCPA 2026,certified,Campaign Negative Broad,wolf certified repair,Phrase,06 Wolf | Oven & General,Enabled,"Минус «certified» (широкий) на уровне кампании не даст показаться по ключу «wolf certified repair» ни одному запросу со словом «certified». Решение зависит от P0-задачи «Factory Certified» в CSV 07: если статус подтверждён документально — снять в этой кампании минусы «factory» (широкий), «factory certified» (фразовый) и «certified» (широкий) одновременно; если нет — минусы оставить, а ключ удалить или поставить на паузу. По видимым запросам 21–28.09 слова certified/authorized/factory дали 6 кликов, $128,67 и 0 конверсий во всех кампаниях — спрос есть, конверсий пока не видно. Только активные группы; пары в группах на паузе (Sub-Zero-группы MIAMI/TAMPA) сюда не включены"
DESTIN | Lux Search | tCPA 2026,authorized,Campaign Negative Broad,sub zero authorized repair,Phrase,03 Sub-Zero | Repair General,Enabled,"Минус «authorized» (широкий) на уровне кампании не даст показаться по ключу «sub zero authorized repair» ни одному запросу со словом «authorized». Если вы авторизованный сервис (есть подтверждение) — снять одновременно минусы «authorized» (широкий), «authorized repair» и «authorized service» (фразовые); если нет — минусы оставить, ключ удалить или поставить на паузу. По видимым запросам 21–28.09 слова certified/authorized/factory дали 6 кликов, $128,67 и 0 конверсий во всех кампаниях — спрос есть, конверсий пока не видно. Если по CSV 07 (P1 «Структура», вариант Б) в эту кампанию будет добавлен минус «sub zero/subzero/sub-zero», группы 01–04 Sub-Zero ставятся на паузу целиком — тогда эта строка не актуальна. Только активные группы; пары в группах на паузе (Sub-Zero-группы MIAMI/TAMPA) сюда не включены"
DESTIN | Lux Search | tCPA 2026,authorized repair,Campaign Negative Phrase,sub zero authorized repair,Phrase,03 Sub-Zero | Repair General,Enabled,"Минус «authorized repair» (фразовый) на уровне кампании не даст показаться по ключу «sub zero authorized repair» ни одному запросу, в котором фраза «authorized repair» стоит подряд в этом порядке. Если вы авторизованный сервис (есть подтверждение) — снять одновременно минусы «authorized» (широкий), «authorized repair» и «authorized service» (фразовые); если нет — минусы оставить, ключ удалить или поставить на паузу. По видимым запросам 21–28.09 слова certified/authorized/factory дали 6 кликов, $128,67 и 0 конверсий во всех кампаниях — спрос есть, конверсий пока не видно. Если по CSV 07 (P1 «Структура», вариант Б) в эту кампанию будет добавлен минус «sub zero/subzero/sub-zero», группы 01–04 Sub-Zero ставятся на паузу целиком — тогда эта строка не актуальна. Только активные группы; пары в группах на паузе (Sub-Zero-группы MIAMI/TAMPA) сюда не включены"
DESTIN | Lux Search | tCPA 2026,factory,Campaign Negative Broad,sub zero factory certified service,Exact,03 Sub-Zero | Repair General,Enabled,"Минус «factory» (широкий) на уровне кампании не даст показаться по ключу «sub zero factory certified service» ни одному запросу со словом «factory». Решение зависит от P0-задачи «Factory Certified» в CSV 07: если статус подтверждён документально — снять в этой кампании минусы «factory» (широкий), «factory certified» (фразовый) и «certified» (широкий) одновременно; если нет — минусы оставить, а ключ удалить или поставить на паузу. По видимым запросам 21–28.09 слова certified/authorized/factory дали 6 кликов, $128,67 и 0 конверсий во всех кампаниях — спрос есть, конверсий пока не видно. Если по CSV 07 (P1 «Структура», вариант Б) в эту кампанию будет добавлен минус «sub zero/subzero/sub-zero», группы 01–04 Sub-Zero ставятся на паузу целиком — тогда эта строка не актуальна. Только активные группы; пары в группах на паузе (Sub-Zero-группы MIAMI/TAMPA) сюда не включены"
DESTIN | Lux Search | tCPA 2026,certified,Campaign Negative Broad,sub zero factory certified service,Exact,03 Sub-Zero | Repair General,Enabled,"Минус «certified» (широкий) на уровне кампании не даст показаться по ключу «sub zero factory certified service» ни одному запросу со словом «certified». Решение зависит от P0-задачи «Factory Certified» в CSV 07: если статус подтверждён документально — снять в этой кампании минусы «factory» (широкий), «factory certified» (фразовый) и «certified» (широкий) одновременно; если нет — минусы оставить, а ключ удалить или поставить на паузу. По видимым запросам 21–28.09 слова certified/authorized/factory дали 6 кликов, $128,67 и 0 конверсий во всех кампаниях — спрос есть, конверсий пока не видно. Если по CSV 07 (P1 «Структура», вариант Б) в эту кампанию будет добавлен минус «sub zero/subzero/sub-zero», группы 01–04 Sub-Zero ставятся на паузу целиком — тогда эта строка не актуальна. Только активные группы; пары в группах на паузе (Sub-Zero-группы MIAMI/TAMPA) сюда не включены"
DESTIN | Lux Search | tCPA 2026,factory certified,Campaign Negative Phrase,sub zero factory certified service,Exact,03 Sub-Zero | Repair General,Enabled,"Минус «factory certified» (фразовый) на уровне кампании не даст показаться по ключу «sub zero factory certified service» ни одному запросу, в котором фраза «factory certified» стоит подряд в этом порядке. Решение зависит от P0-задачи «Factory Certified» в CSV 07: если статус подтверждён документально — снять в этой кампании минусы «factory» (широкий), «factory certified» (фразовый) и «certified» (широкий) одновременно; если нет — минусы оставить, а ключ удалить или поставить на паузу. По видимым запросам 21–28.09 слова certified/authorized/factory дали 6 кликов, $128,67 и 0 конверсий во всех кампаниях — спрос есть, конверсий пока не видно. Если по CSV 07 (P1 «Структура», вариант Б) в эту кампанию будет добавлен минус «sub zero/subzero/sub-zero», группы 01–04 Sub-Zero ставятся на паузу целиком — тогда эта строка не актуальна. Только активные группы; пары в группах на паузе (Sub-Zero-группы MIAMI/TAMPA) сюда не включены"
DESTIN | Lux Search | tCPA 2026,authorized,Campaign Negative Broad,sub zero authorized service,Phrase,03 Sub-Zero | Repair General,Enabled,"Минус «authorized» (широкий) на уровне кампании не даст показаться по ключу «sub zero authorized service» ни одному запросу со словом «authorized». Если вы авторизованный сервис (есть подтверждение) — снять одновременно минусы «authorized» (широкий), «authorized repair» и «authorized service» (фразовые); если нет — минусы оставить, ключ удалить или поставить на паузу. По видимым запросам 21–28.09 слова certified/authorized/factory дали 6 кликов, $128,67 и 0 конверсий во всех кампаниях — спрос есть, конверсий пока не видно. Если по CSV 07 (P1 «Структура», вариант Б) в эту кампанию будет добавлен минус «sub zero/subzero/sub-zero», группы 01–04 Sub-Zero ставятся на паузу целиком — тогда эта строка не актуальна. Только активные группы; пары в группах на паузе (Sub-Zero-группы MIAMI/TAMPA) сюда не включены"
DESTIN | Lux Search | tCPA 2026,authorized service,Campaign Negative Phrase,sub zero authorized service,Phrase,03 Sub-Zero | Repair General,Enabled,"Минус «authorized service» (фразовый) на уровне кампании не даст показаться по ключу «sub zero authorized service» ни одному запросу, в котором фраза «authorized service» стоит подряд в этом порядке. Если вы авторизованный сервис (есть подтверждение) — снять одновременно минусы «authorized» (широкий), «authorized repair» и «authorized service» (фразовые); если нет — минусы оставить, ключ удалить или поставить на паузу. По видимым запросам 21–28.09 слова certified/authorized/factory дали 6 кликов, $128,67 и 0 конверсий во всех кампаниях — спрос есть, конверсий пока не видно. Если по CSV 07 (P1 «Структура», вариант Б) в эту кампанию будет добавлен минус «sub zero/subzero/sub-zero», группы 01–04 Sub-Zero ставятся на паузу целиком — тогда эта строка не актуальна. Только активные группы; пары в группах на паузе (Sub-Zero-группы MIAMI/TAMPA) сюда не включены"
DESTIN | Lux Search | tCPA 2026,certified,Campaign Negative Broad,sub zero certified technician,Phrase,03 Sub-Zero | Repair General,Enabled,"Минус «certified» (широкий) на уровне кампании не даст показаться по ключу «sub zero certified technician» ни одному запросу со словом «certified». Решение зависит от P0-задачи «Factory Certified» в CSV 07: если статус подтверждён документально — снять в этой кампании минусы «factory» (широкий), «factory certified» (фразовый) и «certified» (широкий) одновременно; если нет — минусы оставить, а ключ удалить или поставить на паузу. По видимым запросам 21–28.09 слова certified/authorized/factory дали 6 кликов, $128,67 и 0 конверсий во всех кампаниях — спрос есть, конверсий пока не видно. Если по CSV 07 (P1 «Структура», вариант Б) в эту кампанию будет добавлен минус «sub zero/subzero/sub-zero», группы 01–04 Sub-Zero ставятся на паузу целиком — тогда эта строка не актуальна. Только активные группы; пары в группах на паузе (Sub-Zero-группы MIAMI/TAMPA) сюда не включены"
DESTIN | Lux Search | tCPA 2026,factory,Campaign Negative Broad,sub zero factory certified service,Phrase,03 Sub-Zero | Repair General,Enabled,"Минус «factory» (широкий) на уровне кампании не даст показаться по ключу «sub zero factory certified service» ни одному запросу со словом «factory». Решение зависит от P0-задачи «Factory Certified» в CSV 07: если статус подтверждён документально — снять в этой кампании минусы «factory» (широкий), «factory certified» (фразовый) и «certified» (широкий) одновременно; если нет — минусы оставить, а ключ удалить или поставить на паузу. По видимым запросам 21–28.09 слова certified/authorized/factory дали 6 кликов, $128,67 и 0 конверсий во всех кампаниях — спрос есть, конверсий пока не видно. Если по CSV 07 (P1 «Структура», вариант Б) в эту кампанию будет добавлен минус «sub zero/subzero/sub-zero», группы 01–04 Sub-Zero ставятся на паузу целиком — тогда эта строка не актуальна. Только активные группы; пары в группах на паузе (Sub-Zero-группы MIAMI/TAMPA) сюда не включены"
DESTIN | Lux Search | tCPA 2026,certified,Campaign Negative Broad,sub zero factory certified service,Phrase,03 Sub-Zero | Repair General,Enabled,"Минус «certified» (широкий) на уровне кампании не даст показаться по ключу «sub zero factory certified service» ни одному запросу со словом «certified». Решение зависит от P0-задачи «Factory Certified» в CSV 07: если статус подтверждён документально — снять в этой кампании минусы «factory» (широкий), «factory certified» (фразовый) и «certified» (широкий) одновременно; если нет — минусы оставить, а ключ удалить или поставить на паузу. По видимым запросам 21–28.09 слова certified/authorized/factory дали 6 кликов, $128,67 и 0 конверсий во всех кампаниях — спрос есть, конверсий пока не видно. Если по CSV 07 (P1 «Структура», вариант Б) в эту кампанию будет добавлен минус «sub zero/subzero/sub-zero», группы 01–04 Sub-Zero ставятся на паузу целиком — тогда эта строка не актуальна. Только активные группы; пары в группах на паузе (Sub-Zero-группы MIAMI/TAMPA) сюда не включены"
DESTIN | Lux Search | tCPA 2026,factory certified,Campaign Negative Phrase,sub zero factory certified service,Phrase,03 Sub-Zero | Repair General,Enabled,"Минус «factory certified» (фразовый) на уровне кампании не даст показаться по ключу «sub zero factory certified service» ни одному запросу, в котором фраза «factory certified» стоит подряд в этом порядке. Решение зависит от P0-задачи «Factory Certified» в CSV 07: если статус подтверждён документально — снять в этой кампании минусы «factory» (широкий), «factory certified» (фразовый) и «certified» (широкий) одновременно; если нет — минусы оставить, а ключ удалить или поставить на паузу. По видимым запросам 21–28.09 слова certified/authorized/factory дали 6 кликов, $128,67 и 0 конверсий во всех кампаниях — спрос есть, конверсий пока не видно. Если по CSV 07 (P1 «Структура», вариант Б) в эту кампанию будет добавлен минус «sub zero/subzero/sub-zero», группы 01–04 Sub-Zero ставятся на паузу целиком — тогда эта строка не актуальна. Только активные группы; пары в группах на паузе (Sub-Zero-группы MIAMI/TAMPA) сюда не включены"
DESTIN | Lux Search | tCPA 2026,factory,Campaign Negative Broad,factory certified sub zero repair,Phrase,03 Sub-Zero | Repair General,Enabled,"Минус «factory» (широкий) на уровне кампании не даст показаться по ключу «factory certified sub zero repair» ни одному запросу со словом «factory». Решение зависит от P0-задачи «Factory Certified» в CSV 07: если статус подтверждён документально — снять в этой кампании минусы «factory» (широкий), «factory certified» (фразовый) и «certified» (широкий) одновременно; если нет — минусы оставить, а ключ удалить или поставить на паузу. По видимым запросам 21–28.09 слова certified/authorized/factory дали 6 кликов, $128,67 и 0 конверсий во всех кампаниях — спрос есть, конверсий пока не видно. Если по CSV 07 (P1 «Структура», вариант Б) в эту кампанию будет добавлен минус «sub zero/subzero/sub-zero», группы 01–04 Sub-Zero ставятся на паузу целиком — тогда эта строка не актуальна. Только активные группы; пары в группах на паузе (Sub-Zero-группы MIAMI/TAMPA) сюда не включены"
DESTIN | Lux Search | tCPA 2026,certified,Campaign Negative Broad,factory certified sub zero repair,Phrase,03 Sub-Zero | Repair General,Enabled,"Минус «certified» (широкий) на уровне кампании не даст показаться по ключу «factory certified sub zero repair» ни одному запросу со словом «certified». Решение зависит от P0-задачи «Factory Certified» в CSV 07: если статус подтверждён документально — снять в этой кампании минусы «factory» (широкий), «factory certified» (фразовый) и «certified» (широкий) одновременно; если нет — минусы оставить, а ключ удалить или поставить на паузу. По видимым запросам 21–28.09 слова certified/authorized/factory дали 6 кликов, $128,67 и 0 конверсий во всех кампаниях — спрос есть, конверсий пока не видно. Если по CSV 07 (P1 «Структура», вариант Б) в эту кампанию будет добавлен минус «sub zero/subzero/sub-zero», группы 01–04 Sub-Zero ставятся на паузу целиком — тогда эта строка не актуальна. Только активные группы; пары в группах на паузе (Sub-Zero-группы MIAMI/TAMPA) сюда не включены"
DESTIN | Lux Search | tCPA 2026,factory certified,Campaign Negative Phrase,factory certified sub zero repair,Phrase,03 Sub-Zero | Repair General,Enabled,"Минус «factory certified» (фразовый) на уровне кампании не даст показаться по ключу «factory certified sub zero repair» ни одному запросу, в котором фраза «factory certified» стоит подряд в этом порядке. Решение зависит от P0-задачи «Factory Certified» в CSV 07: если статус подтверждён документально — снять в этой кампании минусы «factory» (широкий), «factory certified» (фразовый) и «certified» (широкий) одновременно; если нет — минусы оставить, а ключ удалить или поставить на паузу. По видимым запросам 21–28.09 слова certified/authorized/factory дали 6 кликов, $128,67 и 0 конверсий во всех кампаниях — спрос есть, конверсий пока не видно. Если по CSV 07 (P1 «Структура», вариант Б) в эту кампанию будет добавлен минус «sub zero/subzero/sub-zero», группы 01–04 Sub-Zero ставятся на паузу целиком — тогда эта строка не актуальна. Только активные группы; пары в группах на паузе (Sub-Zero-группы MIAMI/TAMPA) сюда не включены"
DESTIN | Lux Search | tCPA 2026,certified,Campaign Negative Broad,sub zero certified repair,Phrase,03 Sub-Zero | Repair General,Enabled,"Минус «certified» (широкий) на уровне кампании не даст показаться по ключу «sub zero certified repair» ни одному запросу со словом «certified». Решение зависит от P0-задачи «Factory Certified» в CSV 07: если статус подтверждён документально — снять в этой кампании минусы «factory» (широкий), «factory certified» (фразовый) и «certified» (широкий) одновременно; если нет — минусы оставить, а ключ удалить или поставить на паузу. По видимым запросам 21–28.09 слова certified/authorized/factory дали 6 кликов, $128,67 и 0 конверсий во всех кампаниях — спрос есть, конверсий пока не видно. Если по CSV 07 (P1 «Структура», вариант Б) в эту кампанию будет добавлен минус «sub zero/subzero/sub-zero», группы 01–04 Sub-Zero ставятся на паузу целиком — тогда эта строка не актуальна. Только активные группы; пары в группах на паузе (Sub-Zero-группы MIAMI/TAMPA) сюда не включены"
MIAMI | Lux Search | tCPA 2026,certified,Campaign Negative Broad,wolf factory certified service,Phrase,06 Wolf | Oven & General,Enabled,"Минус «certified» (широкий) на уровне кампании не даст показаться по ключу «wolf factory certified service» ни одному запросу со словом «certified». Решение зависит от P0-задачи «Factory Certified» в CSV 07: если статус подтверждён документально — снять в этой кампании минусы «factory» (широкий), «factory certified» (фразовый) и «certified» (широкий) одновременно; если нет — минусы оставить, а ключ удалить или поставить на паузу. По видимым запросам 21–28.09 слова certified/authorized/factory дали 6 кликов, $128,67 и 0 конверсий во всех кампаниях — спрос есть, конверсий пока не видно. Только активные группы; пары в группах на паузе (Sub-Zero-группы MIAMI/TAMPA) сюда не включены"
MIAMI | Lux Search | tCPA 2026,factory,Campaign Negative Broad,wolf factory certified service,Phrase,06 Wolf | Oven & General,Enabled,"Минус «factory» (широкий) на уровне кампании не даст показаться по ключу «wolf factory certified service» ни одному запросу со словом «factory». Решение зависит от P0-задачи «Factory Certified» в CSV 07: если статус подтверждён документально — снять в этой кампании минусы «factory» (широкий), «factory certified» (фразовый) и «certified» (широкий) одновременно; если нет — минусы оставить, а ключ удалить или поставить на паузу. По видимым запросам 21–28.09 слова certified/authorized/factory дали 6 кликов, $128,67 и 0 конверсий во всех кампаниях — спрос есть, конверсий пока не видно. Только активные группы; пары в группах на паузе (Sub-Zero-группы MIAMI/TAMPA) сюда не включены"
MIAMI | Lux Search | tCPA 2026,factory certified,Campaign Negative Phrase,wolf factory certified service,Phrase,06 Wolf | Oven & General,Enabled,"Минус «factory certified» (фразовый) на уровне кампании не даст показаться по ключу «wolf factory certified service» ни одному запросу, в котором фраза «factory certified» стоит подряд в этом порядке. Решение зависит от P0-задачи «Factory Certified» в CSV 07: если статус подтверждён документально — снять в этой кампании минусы «factory» (широкий), «factory certified» (фразовый) и «certified» (широкий) одновременно; если нет — минусы оставить, а ключ удалить или поставить на паузу. По видимым запросам 21–28.09 слова certified/authorized/factory дали 6 кликов, $128,67 и 0 конверсий во всех кампаниях — спрос есть, конверсий пока не видно. Только активные группы; пары в группах на паузе (Sub-Zero-группы MIAMI/TAMPA) сюда не включены"
MIAMI | Lux Search | tCPA 2026,authorized,Campaign Negative Broad,wolf authorized service,Phrase,06 Wolf | Oven & General,Enabled,"Минус «authorized» (широкий) на уровне кампании не даст показаться по ключу «wolf authorized service» ни одному запросу со словом «authorized». Если вы авторизованный сервис (есть подтверждение) — снять одновременно минусы «authorized» (широкий), «authorized repair» и «authorized service» (фразовые); если нет — минусы оставить, ключ удалить или поставить на паузу. По видимым запросам 21–28.09 слова certified/authorized/factory дали 6 кликов, $128,67 и 0 конверсий во всех кампаниях — спрос есть, конверсий пока не видно. Только активные группы; пары в группах на паузе (Sub-Zero-группы MIAMI/TAMPA) сюда не включены"
MIAMI | Lux Search | tCPA 2026,authorized service,Campaign Negative Phrase,wolf authorized service,Phrase,06 Wolf | Oven & General,Enabled,"Минус «authorized service» (фразовый) на уровне кампании не даст показаться по ключу «wolf authorized service» ни одному запросу, в котором фраза «authorized service» стоит подряд в этом порядке. Если вы авторизованный сервис (есть подтверждение) — снять одновременно минусы «authorized» (широкий), «authorized repair» и «authorized service» (фразовые); если нет — минусы оставить, ключ удалить или поставить на паузу. По видимым запросам 21–28.09 слова certified/authorized/factory дали 6 кликов, $128,67 и 0 конверсий во всех кампаниях — спрос есть, конверсий пока не видно. Только активные группы; пары в группах на паузе (Sub-Zero-группы MIAMI/TAMPA) сюда не включены"
MIAMI | Lux Search | tCPA 2026,certified,Campaign Negative Broad,wolf certified repair,Phrase,06 Wolf | Oven & General,Enabled,"Минус «certified» (широкий) на уровне кампании не даст показаться по ключу «wolf certified repair» ни одному запросу со словом «certified». Решение зависит от P0-задачи «Factory Certified» в CSV 07: если статус подтверждён документально — снять в этой кампании минусы «factory» (широкий), «factory certified» (фразовый) и «certified» (широкий) одновременно; если нет — минусы оставить, а ключ удалить или поставить на паузу. По видимым запросам 21–28.09 слова certified/authorized/factory дали 6 кликов, $128,67 и 0 конверсий во всех кампаниях — спрос есть, конверсий пока не видно. Только активные группы; пары в группах на паузе (Sub-Zero-группы MIAMI/TAMPA) сюда не включены"
MIAMI | Lux Search | tCPA 2026,authorized,Campaign Negative Broad,wolf authorized repair,Phrase,06 Wolf | Oven & General,Enabled,"Минус «authorized» (широкий) на уровне кампании не даст показаться по ключу «wolf authorized repair» ни одному запросу со словом «authorized». Если вы авторизованный сервис (есть подтверждение) — снять одновременно минусы «authorized» (широкий), «authorized repair» и «authorized service» (фразовые); если нет — минусы оставить, ключ удалить или поставить на паузу. По видимым запросам 21–28.09 слова certified/authorized/factory дали 6 кликов, $128,67 и 0 конверсий во всех кампаниях — спрос есть, конверсий пока не видно. Только активные группы; пары в группах на паузе (Sub-Zero-группы MIAMI/TAMPA) сюда не включены"
MIAMI | Lux Search | tCPA 2026,authorized repair,Campaign Negative Phrase,wolf authorized repair,Phrase,06 Wolf | Oven & General,Enabled,"Минус «authorized repair» (фразовый) на уровне кампании не даст показаться по ключу «wolf authorized repair» ни одному запросу, в котором фраза «authorized repair» стоит подряд в этом порядке. Если вы авторизованный сервис (есть подтверждение) — снять одновременно минусы «authorized» (широкий), «authorized repair» и «authorized service» (фразовые); если нет — минусы оставить, ключ удалить или поставить на паузу. По видимым запросам 21–28.09 слова certified/authorized/factory дали 6 кликов, $128,67 и 0 конверсий во всех кампаниях — спрос есть, конверсий пока не видно. Только активные группы; пары в группах на паузе (Sub-Zero-группы MIAMI/TAMPA) сюда не включены"
TAMPA | Lux Search | tCPA 2026,authorized repair,Campaign Negative Phrase,wolf authorized repair,Phrase,06 Wolf | Oven & General,Enabled,"Минус «authorized repair» (фразовый) на уровне кампании не даст показаться по ключу «wolf authorized repair» ни одному запросу, в котором фраза «authorized repair» стоит подряд в этом порядке. Если вы авторизованный сервис (есть подтверждение) — снять одновременно минусы «authorized» (широкий), «authorized repair» и «authorized service» (фразовые); если нет — минусы оставить, ключ удалить или поставить на паузу. По видимым запросам 21–28.09 слова certified/authorized/factory дали 6 кликов, $128,67 и 0 конверсий во всех кампаниях — спрос есть, конверсий пока не видно. Только активные группы; пары в группах на паузе (Sub-Zero-группы MIAMI/TAMPA) сюда не включены"
TAMPA | Lux Search | tCPA 2026,authorized,Campaign Negative Broad,wolf authorized repair,Phrase,06 Wolf | Oven & General,Enabled,"Минус «authorized» (широкий) на уровне кампании не даст показаться по ключу «wolf authorized repair» ни одному запросу со словом «authorized». Если вы авторизованный сервис (есть подтверждение) — снять одновременно минусы «authorized» (широкий), «authorized repair» и «authorized service» (фразовые); если нет — минусы оставить, ключ удалить или поставить на паузу. По видимым запросам 21–28.09 слова certified/authorized/factory дали 6 кликов, $128,67 и 0 конверсий во всех кампаниях — спрос есть, конверсий пока не видно. Только активные группы; пары в группах на паузе (Sub-Zero-группы MIAMI/TAMPA) сюда не включены"
TAMPA | Lux Search | tCPA 2026,certified,Campaign Negative Broad,wolf certified repair,Phrase,06 Wolf | Oven & General,Enabled,"Минус «certified» (широкий) на уровне кампании не даст показаться по ключу «wolf certified repair» ни одному запросу со словом «certified». Решение зависит от P0-задачи «Factory Certified» в CSV 07: если статус подтверждён документально — снять в этой кампании минусы «factory» (широкий), «factory certified» (фразовый) и «certified» (широкий) одновременно; если нет — минусы оставить, а ключ удалить или поставить на паузу. По видимым запросам 21–28.09 слова certified/authorized/factory дали 6 кликов, $128,67 и 0 конверсий во всех кампаниях — спрос есть, конверсий пока не видно. Только активные группы; пары в группах на паузе (Sub-Zero-группы MIAMI/TAMPA) сюда не включены"
TAMPA | Lux Search | tCPA 2026,certified,Campaign Negative Broad,wolf factory certified service,Phrase,06 Wolf | Oven & General,Enabled,"Минус «certified» (широкий) на уровне кампании не даст показаться по ключу «wolf factory certified service» ни одному запросу со словом «certified». Решение зависит от P0-задачи «Factory Certified» в CSV 07: если статус подтверждён документально — снять в этой кампании минусы «factory» (широкий), «factory certified» (фразовый) и «certified» (широкий) одновременно; если нет — минусы оставить, а ключ удалить или поставить на паузу. По видимым запросам 21–28.09 слова certified/authorized/factory дали 6 кликов, $128,67 и 0 конверсий во всех кампаниях — спрос есть, конверсий пока не видно. Только активные группы; пары в группах на паузе (Sub-Zero-группы MIAMI/TAMPA) сюда не включены"
TAMPA | Lux Search | tCPA 2026,factory,Campaign Negative Broad,wolf factory certified service,Phrase,06 Wolf | Oven & General,Enabled,"Минус «factory» (широкий) на уровне кампании не даст показаться по ключу «wolf factory certified service» ни одному запросу со словом «factory». Решение зависит от P0-задачи «Factory Certified» в CSV 07: если статус подтверждён документально — снять в этой кампании минусы «factory» (широкий), «factory certified» (фразовый) и «certified» (широкий) одновременно; если нет — минусы оставить, а ключ удалить или поставить на паузу. По видимым запросам 21–28.09 слова certified/authorized/factory дали 6 кликов, $128,67 и 0 конверсий во всех кампаниях — спрос есть, конверсий пока не видно. Только активные группы; пары в группах на паузе (Sub-Zero-группы MIAMI/TAMPA) сюда не включены"
TAMPA | Lux Search | tCPA 2026,factory certified,Campaign Negative Phrase,wolf factory certified service,Phrase,06 Wolf | Oven & General,Enabled,"Минус «factory certified» (фразовый) на уровне кампании не даст показаться по ключу «wolf factory certified service» ни одному запросу, в котором фраза «factory certified» стоит подряд в этом порядке. Решение зависит от P0-задачи «Factory Certified» в CSV 07: если статус подтверждён документально — снять в этой кампании минусы «factory» (широкий), «factory certified» (фразовый) и «certified» (широкий) одновременно; если нет — минусы оставить, а ключ удалить или поставить на паузу. По видимым запросам 21–28.09 слова certified/authorized/factory дали 6 кликов, $128,67 и 0 конверсий во всех кампаниях — спрос есть, конверсий пока не видно. Только активные группы; пары в группах на паузе (Sub-Zero-группы MIAMI/TAMPA) сюда не включены"
TAMPA | Lux Search | tCPA 2026,authorized service,Campaign Negative Phrase,wolf authorized service,Phrase,06 Wolf | Oven & General,Enabled,"Минус «authorized service» (фразовый) на уровне кампании не даст показаться по ключу «wolf authorized service» ни одному запросу, в котором фраза «authorized service» стоит подряд в этом порядке. Если вы авторизованный сервис (есть подтверждение) — снять одновременно минусы «authorized» (широкий), «authorized repair» и «authorized service» (фразовые); если нет — минусы оставить, ключ удалить или поставить на паузу. По видимым запросам 21–28.09 слова certified/authorized/factory дали 6 кликов, $128,67 и 0 конверсий во всех кампаниях — спрос есть, конверсий пока не видно. Только активные группы; пары в группах на паузе (Sub-Zero-группы MIAMI/TAMPA) сюда не включены"
TAMPA | Lux Search | tCPA 2026,authorized,Campaign Negative Broad,wolf authorized service,Phrase,06 Wolf | Oven & General,Enabled,"Минус «authorized» (широкий) на уровне кампании не даст показаться по ключу «wolf authorized service» ни одному запросу со словом «authorized». Если вы авторизованный сервис (есть подтверждение) — снять одновременно минусы «authorized» (широкий), «authorized repair» и «authorized service» (фразовые); если нет — минусы оставить, ключ удалить или поставить на паузу. По видимым запросам 21–28.09 слова certified/authorized/factory дали 6 кликов, $128,67 и 0 конверсий во всех кампаниях — спрос есть, конверсий пока не видно. Только активные группы; пары в группах на паузе (Sub-Zero-группы MIAMI/TAMPA) сюда не включены"
