Период,Campaign,Стратегия / лимит,Ключ → запрос,Клики,Расход $,CPC $,Конверсии,Комментарий
21–27.09,CHICAGO | Lux Search | MaxConv 2026,CHI LUX | cap 70,"""wolf repair near me"" → запрос «wolf stove repair near me»",2,267.48,133.74,1,"ВЫШЕ лимита. 2 клика на 1 показ, средняя $133,74 — минимум один клик ≥ $133,74, то есть почти 2× лимита"
21–27.09 (21.09),CHICAGO | Lux Search | MaxConv 2026,CHI LUX | cap 70,"""miele dishwasher error"" (сейчас на паузе, группа удалена)",1,123.19,123.19,0,"ВЫШЕ лимита. Запрос про код ошибки — второй по цене клик без результата (после «sub zero specialist», $123,89)"
21–27.09,MIAMI | Lux Search | tCPA 2026,FL LUX | cap 60,[miele dishwasher repair] (группа «09 Miele | Dishwasher» удалена вами 28.09),1,120.60,120.60,1,ВЫШЕ лимита. 2× лимита
21–27.09 (27.09),FL-BROWARD | Sub-Zero | tCPA 2026,"TA, MI SUBZERO | cap 60","""emergency sub zero repair""",1,122.74,122.74,1,"ВЫШЕ лимита. 2× лимита, первый день кампании"
21–27.09,CHICAGO | Lux Search | MaxConv 2026,CHI LUX | cap 70,"""sub zero specialist"" (удалено вами)",1,123.89,123.89,0,"ВЫШЕ лимита. Отчёт по ключам за неделю: 1 клик, $123,89, 0 конв.; сам запрос скрыт Google («другие запросы»). Ключ вы уже удалили"
28.09,FL-BROWARD | Sub-Zero | tCPA 2026,"TA, MI SUBZERO | cap 60","[subzero repair near me] (Weston, FL)",1,219.69,219.69,1,"ВЫШЕ лимита. 3,7× лимита. Ключ с QS 3: посадочная «ниже среднего», релевантность «ниже среднего»"
28.09,FL-SARASOTA | Sub-Zero | tCPA 2026,"TA, MI SUBZERO | cap 60",[sub zero ice maker not making ice],1,101.21,101.21,0,"ВЫШЕ лимита. 1,7× лимита, без конверсии"
28.09,FL-NAPLES-FORT-MYERS | Sub-Zero | tCPA 2026,"TA, MI SUBZERO | cap 60",[subzero repair naples],1,77.84,77.84,1,"ВЫШЕ лимита. 1,3× лимита"
28.09,CHI-CITY | Sub-Zero | tCPA 2026,175/45,[sub zero maintenance service],1,44.42,44.42,0,ПОД лимитом ($45) — лимит здесь сработал; без конверсии
21–27.09,CHICAGO | Lux Search | MaxConv 2026,CHI LUX | cap 70,[sub zero appliance repair chicago],1,69.50,69.50,1,ПОД лимитом ($70) — лимит здесь сработал; клик принёс конверсию
21–27.09,CHICAGO | Lux Search | MaxConv 2026,CHI LUX | cap 70,[thermador refrigerator repair],1,67.70,67.70,1,ПОД лимитом ($70) — лимит здесь сработал; клик принёс конверсию
21–27.09,CHI-NORTHWEST | Sub-Zero | tCPA 2026,CHI LUX | cap 70,"""sub zero refrigerator service"" → запрос «subzero refrigerator repair near me»",1,66.42,66.42,1,ПОД лимитом ($70) — лимит здесь сработал; клик принёс конверсию
21–27.09,MIAMI | Lux Search | tCPA 2026,FL LUX | cap 60,"""viking repair near me"" → запрос «viking repair service near me»",1,59.74,59.74,0,ПОД лимитом ($60) — лимит здесь сработал; без конверсии
28.09,MIAMI | Lux Search | tCPA 2026,FL LUX | cap 60,[miele appliance repair],1,59.77,59.77,0,ПОД лимитом ($60) — лимит здесь сработал; без конверсии
28.09,MIAMI | Lux Search | tCPA 2026,FL LUX | cap 60,[viking appliance repair],1,58.73,58.73,0,ПОД лимитом ($60) — лимит здесь сработал; без конверсии
21–27.09,MIAMI | Lux Search | tCPA 2026,FL LUX | cap 60,[miele appliance repair],1,58.65,58.65,1,ПОД лимитом ($60) — лимит здесь сработал; клик принёс конверсию
21–27.09,TAMPA | Lux Search | tCPA 2026,FL LUX | cap 60,"""jenn air appliance repair"" → запрос «jenn air refrigerator repair»",1,57.35,57.35,0,ПОД лимитом ($60) — лимит здесь сработал; без конверсии
21–27.09,CHICAGO | Lux Search | MaxConv 2026,CHI LUX | cap 70,"""fisher paykel repair"" → запрос «fisher and paykel service near me»",1,56.09,56.09,0,ПОД лимитом ($70) — лимит здесь сработал; без конверсии
28.09,CHI-NORTH-SHORE | Sub-Zero | tCPA 2026,CHI LUX | cap 70,[sub zero repairman near me],1,55.90,55.90,0,ПОД лимитом ($70) — лимит здесь сработал; без конверсии
21–27.09,MIAMI | Lux Search | tCPA 2026,FL LUX | cap 60,"""miele repair near me""",1,55.79,55.79,0,ПОД лимитом ($60) — лимит здесь сработал; без конверсии
21–27.09,FL-PINELLAS | Sub-Zero | tCPA 2026,"TA, MI SUBZERO | cap 60","""sub zero authorized service""",1,55.44,55.44,0,ПОД лимитом ($60) — лимит здесь сработал; без конверсии
