campaign,type,geo,launch,bid_strategy,start_tCPA_usd,max_cpc_cap_usd,budget_share,ad_schedule,landing_page,primary_conversions,notes
S | Emergency 24/7,Search,All 5 geos,Month 1,Portfolio tCPA 'Urgent',110,35,10%,"24/7, +30% bid 6pm–7am & weekends",/emergency-plumber/{city},"Calls ≥60s, Booked (OCI)",Call-first: call asset + call-only ads; RSA H1 pinned '24/7 Emergency Plumber'
S | Core Plumber – Geo1,Search,Geo1 (core city),Month 1,Portfolio tCPA 'Core',95,25,22%,24/7 (bid −20% 11pm–6am if no night dispatch),/plumber/{city},"Calls ≥60s, Forms, Booking",Ad groups: Near Me / Head Terms / Company & Services / Pricing / Best & Licensed
S | Core Plumber – Suburbs,Search,Geo2–Geo5,Month 1,Portfolio tCPA 'Core',90,22,13%,same,/plumber/{city},same,Location insertion {LOCATION(City)} in H2; per-city final URL via ad group
S | Drain Cleaning & Clogs – Geo1,Search,Geo1,Month 1,Portfolio tCPA 'Urgent',75,20,14%,24/7,/drain-cleaning/{city},"Calls, Forms, Booking","$99 drain offer in H1/price asset; ad groups by fixture (kitchen, toilet, shower, main)"
S | Drain Cleaning & Clogs – Suburbs,Search,Geo2–Geo5,Month 1,Portfolio tCPA 'Urgent',70,18,8%,24/7,/drain-cleaning/{city},same,same
S | Sewer & Main Line,Search,All 5 geos,Month 1,Portfolio tCPA 'Urgent',140,45,6%,24/7,/sewer-line-repair/{city},"Calls, Forms","High ticket: camera inspection offer, trenchless, backwater valve + city subsidy"
S | Water Heaters,Search,All 5 geos,Month 1,Portfolio tCPA 'Projects',85,28,9%,6am–11pm (+ calls 24/7 for 'no hot water'),/water-heater-repair-installation/{city},"Calls, Forms, Booking",Ad groups: Repair / Install & Replace / Tankless / Rinnai-Navien / Leaking / Maintenance
"S | Leaks, Pipes & Kitec",Search,All 5 geos,Month 1,Portfolio tCPA 'Urgent',95,30,6%,24/7,/leak-repair/{city} + /kitec-replacement,"Calls, Forms",Kitec ad group → dedicated LP (free inspection + repipe quote)
"S | Toilets, Faucets & Fixtures",Search,All 5 geos,Month 1,Portfolio tCPA 'Projects',60,14,5%,7am–10pm,"/toilet-repair, /faucet-repair, /garbage-disposal","Calls, Forms, Booking",Schedule filler; online booking pushed hard
S | Gas Lines & Fitters,Search,All 5 geos,Month 1,Portfolio tCPA 'Projects',80,22,2%,7am–9pm,/gas-line-installation/{city},"Calls, Forms",Licensed gas fitter proof (TSSA) in ad + LP
S | Sump Pump & Basement,Search,All 5 geos,Month 1 (small) → Feb–May (scale),Portfolio tCPA 'Projects',80,18,2% → 6% in spring,7am–10pm,/sump-pump-installation/{city},"Calls, Forms","Seed list lacks install/repair terms — add 'sump pump installation/replacement/repair near me', 'backwater valve installation'"
S | Commercial Plumbing,Search,All 5 geos,Month 1,Max Conversions (own budget),150,35,2%,Mon–Fri 7am–7pm,/commercial-plumbing,"Forms, Calls (separate line)","B2B LP: property managers, restaurants, condos; maintenance contracts"
S | Competitor,Search,All 5 geos,Month 1,"Max Clicks, cap $6",—,6,1%,24/7,/why-us (comparison page),"Calls, Forms",Never use competitor name in ad text; bid low; pause if CPL > 2× core
S | Brand,Search,All 5 geos,Month 1,Target IS 90% abs top,—,5,1%,24/7,/ (home),All,Protect brand from competitors bidding on you; also catches LSA spill-over
LSA | Local Services Ads (Google Guaranteed),LSA,Per business location,Week 0–1,Max leads / bid per lead,$35–70 per lead,—,separate ($3–6K),24/7 with auto-pause when unanswered,n/a (GBP profile),Leads (dispute invalid),"Ranks above Search; needs background check, licence, insurance, 5+ reviews. Answer rate drives ranking"
PMax | Lead Gen (Plumbing),Performance Max,All 5 geos,Month 2 (after 30+ Search conversions),tCPA (own),90,—,5–8%,24/7,asset groups by service,"Calls ≥60s, Forms (NO page views)",Brand exclusions ON; search themes per asset group; exclude converters 30d; watch call quality weekly
S | Broad Match Scale,Search,All 5 geos,Month 2,"tCPA (own, +15% vs core)",105,22,5–8%,24/7,matches core LPs,same as core,Top 40 proven converters as broad match; the full negative library + weekly search-term pruning
S | Research & Pricing (P3 test),Search,Geo1,Month 2,tCPA (own),60,8,3%,7am–10pm,"/pricing, /water-heater-cost, /sump-pump-installation","Forms, Calls","'snaking a drain', 'sump pumps', 'rinnai tankless', 'toilet installation cost' — pricing LP; kill anything above 1.5× core CPL"
DG/YT | Remarketing – High Ticket,Demand Gen / YouTube,All 5 geos,Month 3,tCPA / Max Conv,120,—,3%,24/7,"/water-heater..., /sewer..., /kitec-replacement","Forms, Calls",Audiences: visitors of WH/Sewer/Kitec pages 30d who did not convert; 15s video + financing offer
