list_name,negative_keyword,match_type,apply_to
DIY & Info,how to,PHRASE,All Search campaigns (shared list)
DIY & Info,how do i,PHRASE,All Search campaigns (shared list)
DIY & Info,how does,PHRASE,All Search campaigns (shared list)
DIY & Info,diy,PHRASE,All Search campaigns (shared list)
DIY & Info,yourself,PHRASE,All Search campaigns (shared list)
DIY & Info,tutorial,PHRASE,All Search campaigns (shared list)
DIY & Info,video,PHRASE,All Search campaigns (shared list)
DIY & Info,youtube,PHRASE,All Search campaigns (shared list)
DIY & Info,reddit,PHRASE,All Search campaigns (shared list)
DIY & Info,forum,PHRASE,All Search campaigns (shared list)
DIY & Info,wiki,PHRASE,All Search campaigns (shared list)
DIY & Info,meaning,PHRASE,All Search campaigns (shared list)
DIY & Info,definition,PHRASE,All Search campaigns (shared list)
DIY & Info,diagram,PHRASE,All Search campaigns (shared list)
DIY & Info,symbol,PHRASE,All Search campaigns (shared list)
DIY & Info,code,PHRASE,All Search campaigns (shared list)
DIY & Info,codes,PHRASE,All Search campaigns (shared list)
DIY & Info,101,PHRASE,All Search campaigns (shared list)
DIY & Info,for dummies,PHRASE,All Search campaigns (shared list)
DIY & Info,guide,PHRASE,All Search campaigns (shared list)
DIY & Info,tips,PHRASE,All Search campaigns (shared list)
DIY & Info,ideas,PHRASE,All Search campaigns (shared list)
DIY & Info,pictures,PHRASE,All Search campaigns (shared list)
DIY & Info,images,PHRASE,All Search campaigns (shared list)
DIY & Info,what is,PHRASE,All Search campaigns (shared list)
DIY & Info,why is,PHRASE,All Search campaigns (shared list)
DIY & Info,can i,PHRASE,All Search campaigns (shared list)
DIY & Info,should i,PHRASE,All Search campaigns (shared list)
DIY & Info,vs,PHRASE,All Search campaigns (shared list)
DIY & Info,versus,PHRASE,All Search campaigns (shared list)
DIY & Info,reviews of,PHRASE,All Search campaigns (shared list)
DIY & Info,best way to,PHRASE,All Search campaigns (shared list)
DIY & Info,zomboid,PHRASE,All Search campaigns (shared list)
DIY & Info,game,PHRASE,All Search campaigns (shared list)
DIY & Info,minecraft,PHRASE,All Search campaigns (shared list)
DIY & Info,sims,PHRASE,All Search campaigns (shared list)
Jobs & Education,job,PHRASE,All Search campaigns (shared list)
Jobs & Education,jobs,PHRASE,All Search campaigns (shared list)
Jobs & Education,salary,PHRASE,All Search campaigns (shared list)
Jobs & Education,hiring,PHRASE,All Search campaigns (shared list)
Jobs & Education,career,PHRASE,All Search campaigns (shared list)
Jobs & Education,careers,PHRASE,All Search campaigns (shared list)
Jobs & Education,apprentice,PHRASE,All Search campaigns (shared list)
Jobs & Education,apprenticeship,PHRASE,All Search campaigns (shared list)
Jobs & Education,course,PHRASE,All Search campaigns (shared list)
Jobs & Education,courses,PHRASE,All Search campaigns (shared list)
Jobs & Education,school,PHRASE,All Search campaigns (shared list)
Jobs & Education,training,PHRASE,All Search campaigns (shared list)
Jobs & Education,union,PHRASE,All Search campaigns (shared list)
Jobs & Education,exam,PHRASE,All Search campaigns (shared list)
Jobs & Education,certification,PHRASE,All Search campaigns (shared list)
Jobs & Education,license test,PHRASE,All Search campaigns (shared list)
Jobs & Education,resume,PHRASE,All Search campaigns (shared list)
Jobs & Education,trade school,PHRASE,All Search campaigns (shared list)
Jobs & Education,college,PHRASE,All Search campaigns (shared list)
Jobs & Education,program,PHRASE,All Search campaigns (shared list)
Jobs & Education,wage,PHRASE,All Search campaigns (shared list)
Jobs & Education,hourly wage,PHRASE,All Search campaigns (shared list)
Retail & Product Brands,home depot,PHRASE,All Search campaigns (shared list)
Retail & Product Brands,lowes,PHRASE,All Search campaigns (shared list)
Retail & Product Brands,lowe's,PHRASE,All Search campaigns (shared list)
Retail & Product Brands,canadian tire,PHRASE,All Search campaigns (shared list)
Retail & Product Brands,rona,PHRASE,All Search campaigns (shared list)
Retail & Product Brands,amazon,PHRASE,All Search campaigns (shared list)
Retail & Product Brands,costco,PHRASE,All Search campaigns (shared list)
Retail & Product Brands,walmart,PHRASE,All Search campaigns (shared list)
Retail & Product Brands,menards,PHRASE,All Search campaigns (shared list)
Retail & Product Brands,ace hardware,PHRASE,All Search campaigns (shared list)
Retail & Product Brands,moen,PHRASE,All Search campaigns (shared list)
Retail & Product Brands,delta,PHRASE,All Search campaigns (shared list)
Retail & Product Brands,kohler,PHRASE,All Search campaigns (shared list)
Retail & Product Brands,gerber,PHRASE,All Search campaigns (shared list)
Retail & Product Brands,mansfield,PHRASE,All Search campaigns (shared list)
Retail & Product Brands,american standard,PHRASE,All Search campaigns (shared list)
Retail & Product Brands,toto,PHRASE,All Search campaigns (shared list)
Retail & Product Brands,grohe,PHRASE,All Search campaigns (shared list)
Retail & Product Brands,sharkbite,PHRASE,All Search campaigns (shared list)
Retail & Product Brands,wirsbo,PHRASE,All Search campaigns (shared list)
Retail & Product Brands,uponor,PHRASE,All Search campaigns (shared list)
Retail & Product Brands,oatey,PHRASE,All Search campaigns (shared list)
Retail & Product Brands,viega,PHRASE,All Search campaigns (shared list)
Retail & Product Brands,manabloc,PHRASE,All Search campaigns (shared list)
Retail & Product Brands,emco,PHRASE,All Search campaigns (shared list)
Retail & Product Brands,wolseley,PHRASE,All Search campaigns (shared list)
Retail & Product Brands,noble,PHRASE,All Search campaigns (shared list)
Retail & Product Brands,supply,PHRASE,All Search campaigns (shared list)
Retail & Product Brands,supplies,PHRASE,All Search campaigns (shared list)
Retail & Product Brands,wholesale,PHRASE,All Search campaigns (shared list)
Retail & Product Brands,showroom,PHRASE,All Search campaigns (shared list)
Retail & Product Brands,store,PHRASE,All Search campaigns (shared list)
Retail & Product Brands,shop,PHRASE,All Search campaigns (shared list)
Parts & Materials,p trap,PHRASE,All Search campaigns (shared list)
Parts & Materials,ptrap,PHRASE,All Search campaigns (shared list)
Parts & Materials,p-trap,PHRASE,All Search campaigns (shared list)
Parts & Materials,connector,PHRASE,All Search campaigns (shared list)
Parts & Materials,connectors,PHRASE,All Search campaigns (shared list)
Parts & Materials,fitting,PHRASE,All Search campaigns (shared list)
Parts & Materials,fittings,PHRASE,All Search campaigns (shared list)
Parts & Materials,bolts,PHRASE,All Search campaigns (shared list)
Parts & Materials,flange,PHRASE,All Search campaigns (shared list)
Parts & Materials,wax ring,PHRASE,All Search campaigns (shared list)
Parts & Materials,expansion tank,PHRASE,All Search campaigns (shared list)
Parts & Materials,pvc,PHRASE,All Search campaigns (shared list)
Parts & Materials,cpvc,PHRASE,All Search campaigns (shared list)
Parts & Materials,pex,PHRASE,All Search campaigns (shared list)
Parts & Materials,copper pipe,PHRASE,All Search campaigns (shared list)
Parts & Materials,corrugated,PHRASE,All Search campaigns (shared list)
Parts & Materials,pipe size,PHRASE,All Search campaigns (shared list)
Parts & Materials,pipe for sale,PHRASE,All Search campaigns (shared list)
Parts & Materials,parts,PHRASE,All Search campaigns (shared list)
Parts & Materials,kit,PHRASE,All Search campaigns (shared list)
Parts & Materials,wrench,PHRASE,All Search campaigns (shared list)
Parts & Materials,tool,PHRASE,All Search campaigns (shared list)
Parts & Materials,tools,PHRASE,All Search campaigns (shared list)
Parts & Materials,auger for sale,PHRASE,All Search campaigns (shared list)
Parts & Materials,drain snake for sale,PHRASE,All Search campaigns (shared list)
Parts & Materials,toilet bowl tank,PHRASE,All Search campaigns (shared list)
Parts & Materials,water closet,PHRASE,All Search campaigns (shared list)
Parts & Materials,commercial toilets,PHRASE,All Search campaigns (shared list)
Parts & Materials,commercial faucet,PHRASE,All Search campaigns (shared list)
Parts & Materials,pop up drain,PHRASE,All Search campaigns (shared list)
Parts & Materials,hose,PHRASE,All Search campaigns (shared list)
Parts & Materials,valve for sale,PHRASE,All Search campaigns (shared list)
Parts & Materials,cartridge,PHRASE,All Search campaigns (shared list)
Parts & Materials,aerator,PHRASE,All Search campaigns (shared list)
Parts & Materials,washer,PHRASE,All Search campaigns (shared list)
Parts & Materials,gasket,PHRASE,All Search campaigns (shared list)
Parts & Materials,seal,PHRASE,All Search campaigns (shared list)
Parts & Materials,tape,PHRASE,All Search campaigns (shared list)
Parts & Materials,glue,PHRASE,All Search campaigns (shared list)
Parts & Materials,primer,PHRASE,All Search campaigns (shared list)
Chemicals,drano,PHRASE,All Search campaigns (shared list)
Chemicals,liquid plumr,PHRASE,All Search campaigns (shared list)
Chemicals,liquid-plumr,PHRASE,All Search campaigns (shared list)
Chemicals,roebic,PHRASE,All Search campaigns (shared list)
Chemicals,declogger,PHRASE,All Search campaigns (shared list)
Chemicals,clog remover,PHRASE,All Search campaigns (shared list)
Chemicals,drain opener,PHRASE,All Search campaigns (shared list)
Chemicals,drain cleaner,PHRASE,All Search campaigns (shared list)
Chemicals,enzyme,PHRASE,All Search campaigns (shared list)
Chemicals,chemical,PHRASE,All Search campaigns (shared list)
Chemicals,baking soda,PHRASE,All Search campaigns (shared list)
Chemicals,vinegar,PHRASE,All Search campaigns (shared list)
Chemicals,bleach,PHRASE,All Search campaigns (shared list)
Chemicals,unblocker,PHRASE,All Search campaigns (shared list)
Free / Cheap / Fraud,free,PHRASE,All Search campaigns (shared list)
Free / Cheap / Fraud,cheapest,PHRASE,All Search campaigns (shared list)
Free / Cheap / Fraud,volunteer,PHRASE,All Search campaigns (shared list)
Free / Cheap / Fraud,donation,PHRASE,All Search campaigns (shared list)
Free / Cheap / Fraud,scam,PHRASE,All Search campaigns (shared list)
Free / Cheap / Fraud,complaints,PHRASE,All Search campaigns (shared list)
Free / Cheap / Fraud,lawsuit,PHRASE,All Search campaigns (shared list)
Free / Cheap / Fraud,sue,PHRASE,All Search campaigns (shared list)
Free / Cheap / Fraud,class action,PHRASE,All Search campaigns (shared list)
Other Trades (unless offered),electrician,PHRASE,All Search campaigns (shared list)
Other Trades (unless offered),electrical,PHRASE,All Search campaigns (shared list)
Other Trades (unless offered),roofing,PHRASE,All Search campaigns (shared list)
Other Trades (unless offered),roofer,PHRASE,All Search campaigns (shared list)
Other Trades (unless offered),hvac,PHRASE,All Search campaigns (shared list)
Other Trades (unless offered),furnace,PHRASE,All Search campaigns (shared list)
Other Trades (unless offered),air conditioning,PHRASE,All Search campaigns (shared list)
Other Trades (unless offered),ac repair,PHRASE,All Search campaigns (shared list)
Other Trades (unless offered),landscaping,PHRASE,All Search campaigns (shared list)
Other Trades (unless offered),pool,PHRASE,All Search campaigns (shared list)
Other Trades (unless offered),sprinkler,PHRASE,All Search campaigns (shared list)
Other Trades (unless offered),irrigation,PHRASE,All Search campaigns (shared list)
Other Trades (unless offered),appliance repair,PHRASE,All Search campaigns (shared list)
Other Trades (unless offered),handyman,PHRASE,All Search campaigns (shared list)
Other Trades (unless offered),painter,PHRASE,All Search campaigns (shared list)
Other Trades (unless offered),carpenter,PHRASE,All Search campaigns (shared list)
Other Trades (unless offered),mold,PHRASE,All Search campaigns (shared list)
Other Trades (unless offered),restoration company,PHRASE,All Search campaigns (shared list)
Wrong Intent,insurance,PHRASE,All Search campaigns (shared list)
Wrong Intent,claim,PHRASE,All Search campaigns (shared list)
Wrong Intent,warranty,PHRASE,All Search campaigns (shared list)
Wrong Intent,rental,PHRASE,All Search campaigns (shared list)
Wrong Intent,rent,PHRASE,All Search campaigns (shared list)
Wrong Intent,apartment for,PHRASE,All Search campaigns (shared list)
Wrong Intent,for sale,PHRASE,All Search campaigns (shared list)
Wrong Intent,mobile home,PHRASE,All Search campaigns (shared list)
Wrong Intent,rv,PHRASE,All Search campaigns (shared list)
Wrong Intent,boat,PHRASE,All Search campaigns (shared list)
Wrong Intent,camper,PHRASE,All Search campaigns (shared list)
Wrong Intent,trailer,PHRASE,All Search campaigns (shared list)
Wrong Intent,tiny house,PHRASE,All Search campaigns (shared list)
Wrong Intent,cabin,PHRASE,All Search campaigns (shared list)
Wrong Intent,cottage plans,PHRASE,All Search campaigns (shared list)
Wrong Intent,blueprint,PHRASE,All Search campaigns (shared list)
Wrong Intent,floor plan,PHRASE,All Search campaigns (shared list)
Wrong Intent,software,PHRASE,All Search campaigns (shared list)
Wrong Intent,app,PHRASE,All Search campaigns (shared list)
Wrong Intent,invoice template,PHRASE,All Search campaigns (shared list)
Wrong Intent,logo,PHRASE,All Search campaigns (shared list)
Wrong Intent,shirt,PHRASE,All Search campaigns (shared list)
Wrong Intent,hat,PHRASE,All Search campaigns (shared list)
Geo (add all cities you do NOT serve),ottawa,PHRASE,All Search campaigns (shared list)
Geo (add all cities you do NOT serve),montreal,PHRASE,All Search campaigns (shared list)
Geo (add all cities you do NOT serve),calgary,PHRASE,All Search campaigns (shared list)
Geo (add all cities you do NOT serve),edmonton,PHRASE,All Search campaigns (shared list)
Geo (add all cities you do NOT serve),vancouver,PHRASE,All Search campaigns (shared list)
Geo (add all cities you do NOT serve),winnipeg,PHRASE,All Search campaigns (shared list)
Geo (add all cities you do NOT serve),london ontario,PHRASE,All Search campaigns (shared list)
Geo (add all cities you do NOT serve),kingston,PHRASE,All Search campaigns (shared list)
Geo (add all cities you do NOT serve),windsor,PHRASE,All Search campaigns (shared list)
Geo (add all cities you do NOT serve),sudbury,PHRASE,All Search campaigns (shared list)
Geo (add all cities you do NOT serve),usa,PHRASE,All Search campaigns (shared list)
Geo (add all cities you do NOT serve),buffalo,PHRASE,All Search campaigns (shared list)
Geo (add all cities you do NOT serve),new york,PHRASE,All Search campaigns (shared list)
Geo (add all cities you do NOT serve),florida,PHRASE,All Search campaigns (shared list)
Geo (add all cities you do NOT serve),california,PHRASE,All Search campaigns (shared list)
Geo (add all cities you do NOT serve),texas,PHRASE,All Search campaigns (shared list)
Competitor names (only if you don't run a competitor campaign),mr rooter,PHRASE,All Search campaigns (shared list)
Competitor names (only if you don't run a competitor campaign),roto rooter,PHRASE,All Search campaigns (shared list)
Competitor names (only if you don't run a competitor campaign),roto-rooter,PHRASE,All Search campaigns (shared list)
Competitor names (only if you don't run a competitor campaign),reliance,PHRASE,All Search campaigns (shared list)
Competitor names (only if you don't run a competitor campaign),enercare,PHRASE,All Search campaigns (shared list)
Competitor names (only if you don't run a competitor campaign),angi,PHRASE,All Search campaigns (shared list)
Competitor names (only if you don't run a competitor campaign),homestars,PHRASE,All Search campaigns (shared list)
Competitor names (only if you don't run a competitor campaign),yelp,PHRASE,All Search campaigns (shared list)
Competitor names (only if you don't run a competitor campaign),kijiji,PHRASE,All Search campaigns (shared list)
