Campaign,Keyword,Criterion Type
FL-BROWARD | Sub-Zero | tCPA 2026,seasonal comfort,Campaign Negative Phrase
TAMPA | Lux Search | tCPA 2026,seasonal comfort,Campaign Negative Phrase
CHI-CITY | Sub-Zero | tCPA 2026,seasonal comfort,Campaign Negative Phrase
FL-PANHANDLE | Sub-Zero | tCPA 2026,seasonal comfort,Campaign Negative Phrase
DESTIN | Lux Search | tCPA 2026,seasonal comfort,Campaign Negative Phrase
FL-PALM-BEACH | Sub-Zero | tCPA 2026,seasonal comfort,Campaign Negative Phrase
FL-ORLANDO | Sub-Zero | tCPA 2026,seasonal comfort,Campaign Negative Phrase
CHI-WEST | Sub-Zero | tCPA 2026,seasonal comfort,Campaign Negative Phrase
MIAMI | Lux Search | tCPA 2026,seasonal comfort,Campaign Negative Phrase
FL-MIAMI-DADE | Sub-Zero | tCPA 2026,seasonal comfort,Campaign Negative Phrase
CHI-NORTHWEST | Sub-Zero | tCPA 2026,seasonal comfort,Campaign Negative Phrase
CHI-NORTH-SHORE | Sub-Zero | tCPA 2026,seasonal comfort,Campaign Negative Phrase
CHI-WI-MI | Sub-Zero | tCPA 2026,seasonal comfort,Campaign Negative Phrase
FL-SARASOTA | Sub-Zero | tCPA 2026,seasonal comfort,Campaign Negative Phrase
CHI-INDIANA | Sub-Zero | tCPA 2026,seasonal comfort,Campaign Negative Phrase
CHI-SOUTH | Sub-Zero | tCPA 2026,seasonal comfort,Campaign Negative Phrase
FL-NAPLES-FORT-MYERS | Sub-Zero | tCPA 2026,seasonal comfort,Campaign Negative Phrase
FL-PINELLAS | Sub-Zero | tCPA 2026,seasonal comfort,Campaign Negative Phrase
FL-TAMPA | Sub-Zero | tCPA 2026,seasonal comfort,Campaign Negative Phrase
CHICAGO | Lux Search | MaxConv 2026,seasonal comfort,Campaign Negative Phrase
FL-JACKSONVILLE | Sub-Zero | tCPA 2026,seasonal comfort,Campaign Negative Phrase
FL-NORTH-CENTRAL | Sub-Zero | tCPA 2026,seasonal comfort,Campaign Negative Phrase
FL-BROWARD | Sub-Zero | tCPA 2026,c&w appliance,Campaign Negative Phrase
TAMPA | Lux Search | tCPA 2026,c&w appliance,Campaign Negative Phrase
CHI-CITY | Sub-Zero | tCPA 2026,c&w appliance,Campaign Negative Phrase
FL-PANHANDLE | Sub-Zero | tCPA 2026,c&w appliance,Campaign Negative Phrase
DESTIN | Lux Search | tCPA 2026,c&w appliance,Campaign Negative Phrase
FL-PALM-BEACH | Sub-Zero | tCPA 2026,c&w appliance,Campaign Negative Phrase
FL-ORLANDO | Sub-Zero | tCPA 2026,c&w appliance,Campaign Negative Phrase
CHI-WEST | Sub-Zero | tCPA 2026,c&w appliance,Campaign Negative Phrase
MIAMI | Lux Search | tCPA 2026,c&w appliance,Campaign Negative Phrase
FL-MIAMI-DADE | Sub-Zero | tCPA 2026,c&w appliance,Campaign Negative Phrase
CHI-NORTHWEST | Sub-Zero | tCPA 2026,c&w appliance,Campaign Negative Phrase
CHI-NORTH-SHORE | Sub-Zero | tCPA 2026,c&w appliance,Campaign Negative Phrase
CHI-WI-MI | Sub-Zero | tCPA 2026,c&w appliance,Campaign Negative Phrase
FL-SARASOTA | Sub-Zero | tCPA 2026,c&w appliance,Campaign Negative Phrase
CHI-INDIANA | Sub-Zero | tCPA 2026,c&w appliance,Campaign Negative Phrase
CHI-SOUTH | Sub-Zero | tCPA 2026,c&w appliance,Campaign Negative Phrase
FL-NAPLES-FORT-MYERS | Sub-Zero | tCPA 2026,c&w appliance,Campaign Negative Phrase
FL-PINELLAS | Sub-Zero | tCPA 2026,c&w appliance,Campaign Negative Phrase
FL-TAMPA | Sub-Zero | tCPA 2026,c&w appliance,Campaign Negative Phrase
CHICAGO | Lux Search | MaxConv 2026,c&w appliance,Campaign Negative Phrase
FL-JACKSONVILLE | Sub-Zero | tCPA 2026,c&w appliance,Campaign Negative Phrase
FL-NORTH-CENTRAL | Sub-Zero | tCPA 2026,c&w appliance,Campaign Negative Phrase
FL-BROWARD | Sub-Zero | tCPA 2026,c & w appliance,Campaign Negative Phrase
TAMPA | Lux Search | tCPA 2026,c & w appliance,Campaign Negative Phrase
CHI-CITY | Sub-Zero | tCPA 2026,c & w appliance,Campaign Negative Phrase
FL-PANHANDLE | Sub-Zero | tCPA 2026,c & w appliance,Campaign Negative Phrase
DESTIN | Lux Search | tCPA 2026,c & w appliance,Campaign Negative Phrase
FL-PALM-BEACH | Sub-Zero | tCPA 2026,c & w appliance,Campaign Negative Phrase
FL-ORLANDO | Sub-Zero | tCPA 2026,c & w appliance,Campaign Negative Phrase
CHI-WEST | Sub-Zero | tCPA 2026,c & w appliance,Campaign Negative Phrase
MIAMI | Lux Search | tCPA 2026,c & w appliance,Campaign Negative Phrase
FL-MIAMI-DADE | Sub-Zero | tCPA 2026,c & w appliance,Campaign Negative Phrase
CHI-NORTHWEST | Sub-Zero | tCPA 2026,c & w appliance,Campaign Negative Phrase
CHI-NORTH-SHORE | Sub-Zero | tCPA 2026,c & w appliance,Campaign Negative Phrase
CHI-WI-MI | Sub-Zero | tCPA 2026,c & w appliance,Campaign Negative Phrase
FL-SARASOTA | Sub-Zero | tCPA 2026,c & w appliance,Campaign Negative Phrase
CHI-INDIANA | Sub-Zero | tCPA 2026,c & w appliance,Campaign Negative Phrase
CHI-SOUTH | Sub-Zero | tCPA 2026,c & w appliance,Campaign Negative Phrase
FL-NAPLES-FORT-MYERS | Sub-Zero | tCPA 2026,c & w appliance,Campaign Negative Phrase
FL-PINELLAS | Sub-Zero | tCPA 2026,c & w appliance,Campaign Negative Phrase
FL-TAMPA | Sub-Zero | tCPA 2026,c & w appliance,Campaign Negative Phrase
CHICAGO | Lux Search | MaxConv 2026,c & w appliance,Campaign Negative Phrase
FL-JACKSONVILLE | Sub-Zero | tCPA 2026,c & w appliance,Campaign Negative Phrase
FL-NORTH-CENTRAL | Sub-Zero | tCPA 2026,c & w appliance,Campaign Negative Phrase
FL-BROWARD | Sub-Zero | tCPA 2026,dube appliance,Campaign Negative Phrase
TAMPA | Lux Search | tCPA 2026,dube appliance,Campaign Negative Phrase
CHI-CITY | Sub-Zero | tCPA 2026,dube appliance,Campaign Negative Phrase
FL-PANHANDLE | Sub-Zero | tCPA 2026,dube appliance,Campaign Negative Phrase
DESTIN | Lux Search | tCPA 2026,dube appliance,Campaign Negative Phrase
FL-PALM-BEACH | Sub-Zero | tCPA 2026,dube appliance,Campaign Negative Phrase
FL-ORLANDO | Sub-Zero | tCPA 2026,dube appliance,Campaign Negative Phrase
CHI-WEST | Sub-Zero | tCPA 2026,dube appliance,Campaign Negative Phrase
MIAMI | Lux Search | tCPA 2026,dube appliance,Campaign Negative Phrase
FL-MIAMI-DADE | Sub-Zero | tCPA 2026,dube appliance,Campaign Negative Phrase
CHI-NORTHWEST | Sub-Zero | tCPA 2026,dube appliance,Campaign Negative Phrase
CHI-NORTH-SHORE | Sub-Zero | tCPA 2026,dube appliance,Campaign Negative Phrase
CHI-WI-MI | Sub-Zero | tCPA 2026,dube appliance,Campaign Negative Phrase
FL-SARASOTA | Sub-Zero | tCPA 2026,dube appliance,Campaign Negative Phrase
CHI-INDIANA | Sub-Zero | tCPA 2026,dube appliance,Campaign Negative Phrase
CHI-SOUTH | Sub-Zero | tCPA 2026,dube appliance,Campaign Negative Phrase
FL-NAPLES-FORT-MYERS | Sub-Zero | tCPA 2026,dube appliance,Campaign Negative Phrase
FL-PINELLAS | Sub-Zero | tCPA 2026,dube appliance,Campaign Negative Phrase
FL-TAMPA | Sub-Zero | tCPA 2026,dube appliance,Campaign Negative Phrase
CHICAGO | Lux Search | MaxConv 2026,dube appliance,Campaign Negative Phrase
FL-JACKSONVILLE | Sub-Zero | tCPA 2026,dube appliance,Campaign Negative Phrase
FL-NORTH-CENTRAL | Sub-Zero | tCPA 2026,dube appliance,Campaign Negative Phrase
FL-BROWARD | Sub-Zero | tCPA 2026,gantt appliance,Campaign Negative Phrase
TAMPA | Lux Search | tCPA 2026,gantt appliance,Campaign Negative Phrase
CHI-CITY | Sub-Zero | tCPA 2026,gantt appliance,Campaign Negative Phrase
FL-PANHANDLE | Sub-Zero | tCPA 2026,gantt appliance,Campaign Negative Phrase
DESTIN | Lux Search | tCPA 2026,gantt appliance,Campaign Negative Phrase
FL-PALM-BEACH | Sub-Zero | tCPA 2026,gantt appliance,Campaign Negative Phrase
FL-ORLANDO | Sub-Zero | tCPA 2026,gantt appliance,Campaign Negative Phrase
CHI-WEST | Sub-Zero | tCPA 2026,gantt appliance,Campaign Negative Phrase
MIAMI | Lux Search | tCPA 2026,gantt appliance,Campaign Negative Phrase
FL-MIAMI-DADE | Sub-Zero | tCPA 2026,gantt appliance,Campaign Negative Phrase
CHI-NORTHWEST | Sub-Zero | tCPA 2026,gantt appliance,Campaign Negative Phrase
CHI-NORTH-SHORE | Sub-Zero | tCPA 2026,gantt appliance,Campaign Negative Phrase
CHI-WI-MI | Sub-Zero | tCPA 2026,gantt appliance,Campaign Negative Phrase
FL-SARASOTA | Sub-Zero | tCPA 2026,gantt appliance,Campaign Negative Phrase
CHI-INDIANA | Sub-Zero | tCPA 2026,gantt appliance,Campaign Negative Phrase
CHI-SOUTH | Sub-Zero | tCPA 2026,gantt appliance,Campaign Negative Phrase
FL-NAPLES-FORT-MYERS | Sub-Zero | tCPA 2026,gantt appliance,Campaign Negative Phrase
FL-PINELLAS | Sub-Zero | tCPA 2026,gantt appliance,Campaign Negative Phrase
FL-TAMPA | Sub-Zero | tCPA 2026,gantt appliance,Campaign Negative Phrase
CHICAGO | Lux Search | MaxConv 2026,gantt appliance,Campaign Negative Phrase
FL-JACKSONVILLE | Sub-Zero | tCPA 2026,gantt appliance,Campaign Negative Phrase
FL-NORTH-CENTRAL | Sub-Zero | tCPA 2026,gantt appliance,Campaign Negative Phrase
FL-BROWARD | Sub-Zero | tCPA 2026,box appliance,Campaign Negative Phrase
TAMPA | Lux Search | tCPA 2026,box appliance,Campaign Negative Phrase
CHI-CITY | Sub-Zero | tCPA 2026,box appliance,Campaign Negative Phrase
FL-PANHANDLE | Sub-Zero | tCPA 2026,box appliance,Campaign Negative Phrase
DESTIN | Lux Search | tCPA 2026,box appliance,Campaign Negative Phrase
FL-PALM-BEACH | Sub-Zero | tCPA 2026,box appliance,Campaign Negative Phrase
FL-ORLANDO | Sub-Zero | tCPA 2026,box appliance,Campaign Negative Phrase
CHI-WEST | Sub-Zero | tCPA 2026,box appliance,Campaign Negative Phrase
MIAMI | Lux Search | tCPA 2026,box appliance,Campaign Negative Phrase
FL-MIAMI-DADE | Sub-Zero | tCPA 2026,box appliance,Campaign Negative Phrase
CHI-NORTHWEST | Sub-Zero | tCPA 2026,box appliance,Campaign Negative Phrase
CHI-NORTH-SHORE | Sub-Zero | tCPA 2026,box appliance,Campaign Negative Phrase
CHI-WI-MI | Sub-Zero | tCPA 2026,box appliance,Campaign Negative Phrase
FL-SARASOTA | Sub-Zero | tCPA 2026,box appliance,Campaign Negative Phrase
CHI-INDIANA | Sub-Zero | tCPA 2026,box appliance,Campaign Negative Phrase
CHI-SOUTH | Sub-Zero | tCPA 2026,box appliance,Campaign Negative Phrase
FL-NAPLES-FORT-MYERS | Sub-Zero | tCPA 2026,box appliance,Campaign Negative Phrase
FL-PINELLAS | Sub-Zero | tCPA 2026,box appliance,Campaign Negative Phrase
FL-TAMPA | Sub-Zero | tCPA 2026,box appliance,Campaign Negative Phrase
CHICAGO | Lux Search | MaxConv 2026,box appliance,Campaign Negative Phrase
FL-JACKSONVILLE | Sub-Zero | tCPA 2026,box appliance,Campaign Negative Phrase
FL-NORTH-CENTRAL | Sub-Zero | tCPA 2026,box appliance,Campaign Negative Phrase
FL-BROWARD | Sub-Zero | tCPA 2026,boxappliance,Campaign Negative Phrase
TAMPA | Lux Search | tCPA 2026,boxappliance,Campaign Negative Phrase
CHI-CITY | Sub-Zero | tCPA 2026,boxappliance,Campaign Negative Phrase
FL-PANHANDLE | Sub-Zero | tCPA 2026,boxappliance,Campaign Negative Phrase
DESTIN | Lux Search | tCPA 2026,boxappliance,Campaign Negative Phrase
FL-PALM-BEACH | Sub-Zero | tCPA 2026,boxappliance,Campaign Negative Phrase
FL-ORLANDO | Sub-Zero | tCPA 2026,boxappliance,Campaign Negative Phrase
CHI-WEST | Sub-Zero | tCPA 2026,boxappliance,Campaign Negative Phrase
MIAMI | Lux Search | tCPA 2026,boxappliance,Campaign Negative Phrase
FL-MIAMI-DADE | Sub-Zero | tCPA 2026,boxappliance,Campaign Negative Phrase
CHI-NORTHWEST | Sub-Zero | tCPA 2026,boxappliance,Campaign Negative Phrase
CHI-NORTH-SHORE | Sub-Zero | tCPA 2026,boxappliance,Campaign Negative Phrase
CHI-WI-MI | Sub-Zero | tCPA 2026,boxappliance,Campaign Negative Phrase
FL-SARASOTA | Sub-Zero | tCPA 2026,boxappliance,Campaign Negative Phrase
CHI-INDIANA | Sub-Zero | tCPA 2026,boxappliance,Campaign Negative Phrase
CHI-SOUTH | Sub-Zero | tCPA 2026,boxappliance,Campaign Negative Phrase
FL-NAPLES-FORT-MYERS | Sub-Zero | tCPA 2026,boxappliance,Campaign Negative Phrase
FL-PINELLAS | Sub-Zero | tCPA 2026,boxappliance,Campaign Negative Phrase
FL-TAMPA | Sub-Zero | tCPA 2026,boxappliance,Campaign Negative Phrase
CHICAGO | Lux Search | MaxConv 2026,boxappliance,Campaign Negative Phrase
FL-JACKSONVILLE | Sub-Zero | tCPA 2026,boxappliance,Campaign Negative Phrase
FL-NORTH-CENTRAL | Sub-Zero | tCPA 2026,boxappliance,Campaign Negative Phrase
FL-BROWARD | Sub-Zero | tCPA 2026,mr appliance,Campaign Negative Phrase
TAMPA | Lux Search | tCPA 2026,mr appliance,Campaign Negative Phrase
CHI-CITY | Sub-Zero | tCPA 2026,mr appliance,Campaign Negative Phrase
FL-PANHANDLE | Sub-Zero | tCPA 2026,mr appliance,Campaign Negative Phrase
DESTIN | Lux Search | tCPA 2026,mr appliance,Campaign Negative Phrase
FL-PALM-BEACH | Sub-Zero | tCPA 2026,mr appliance,Campaign Negative Phrase
FL-ORLANDO | Sub-Zero | tCPA 2026,mr appliance,Campaign Negative Phrase
CHI-WEST | Sub-Zero | tCPA 2026,mr appliance,Campaign Negative Phrase
MIAMI | Lux Search | tCPA 2026,mr appliance,Campaign Negative Phrase
FL-MIAMI-DADE | Sub-Zero | tCPA 2026,mr appliance,Campaign Negative Phrase
CHI-NORTHWEST | Sub-Zero | tCPA 2026,mr appliance,Campaign Negative Phrase
CHI-NORTH-SHORE | Sub-Zero | tCPA 2026,mr appliance,Campaign Negative Phrase
CHI-WI-MI | Sub-Zero | tCPA 2026,mr appliance,Campaign Negative Phrase
FL-SARASOTA | Sub-Zero | tCPA 2026,mr appliance,Campaign Negative Phrase
CHI-INDIANA | Sub-Zero | tCPA 2026,mr appliance,Campaign Negative Phrase
CHI-SOUTH | Sub-Zero | tCPA 2026,mr appliance,Campaign Negative Phrase
FL-NAPLES-FORT-MYERS | Sub-Zero | tCPA 2026,mr appliance,Campaign Negative Phrase
FL-PINELLAS | Sub-Zero | tCPA 2026,mr appliance,Campaign Negative Phrase
FL-TAMPA | Sub-Zero | tCPA 2026,mr appliance,Campaign Negative Phrase
CHICAGO | Lux Search | MaxConv 2026,mr appliance,Campaign Negative Phrase
FL-JACKSONVILLE | Sub-Zero | tCPA 2026,mr appliance,Campaign Negative Phrase
FL-NORTH-CENTRAL | Sub-Zero | tCPA 2026,mr appliance,Campaign Negative Phrase
FL-BROWARD | Sub-Zero | tCPA 2026,appliancerepairtoday,Campaign Negative Phrase
TAMPA | Lux Search | tCPA 2026,appliancerepairtoday,Campaign Negative Phrase
CHI-CITY | Sub-Zero | tCPA 2026,appliancerepairtoday,Campaign Negative Phrase
FL-PANHANDLE | Sub-Zero | tCPA 2026,appliancerepairtoday,Campaign Negative Phrase
DESTIN | Lux Search | tCPA 2026,appliancerepairtoday,Campaign Negative Phrase
FL-PALM-BEACH | Sub-Zero | tCPA 2026,appliancerepairtoday,Campaign Negative Phrase
FL-ORLANDO | Sub-Zero | tCPA 2026,appliancerepairtoday,Campaign Negative Phrase
CHI-WEST | Sub-Zero | tCPA 2026,appliancerepairtoday,Campaign Negative Phrase
MIAMI | Lux Search | tCPA 2026,appliancerepairtoday,Campaign Negative Phrase
FL-MIAMI-DADE | Sub-Zero | tCPA 2026,appliancerepairtoday,Campaign Negative Phrase
CHI-NORTHWEST | Sub-Zero | tCPA 2026,appliancerepairtoday,Campaign Negative Phrase
CHI-NORTH-SHORE | Sub-Zero | tCPA 2026,appliancerepairtoday,Campaign Negative Phrase
CHI-WI-MI | Sub-Zero | tCPA 2026,appliancerepairtoday,Campaign Negative Phrase
FL-SARASOTA | Sub-Zero | tCPA 2026,appliancerepairtoday,Campaign Negative Phrase
CHI-INDIANA | Sub-Zero | tCPA 2026,appliancerepairtoday,Campaign Negative Phrase
CHI-SOUTH | Sub-Zero | tCPA 2026,appliancerepairtoday,Campaign Negative Phrase
FL-NAPLES-FORT-MYERS | Sub-Zero | tCPA 2026,appliancerepairtoday,Campaign Negative Phrase
FL-PINELLAS | Sub-Zero | tCPA 2026,appliancerepairtoday,Campaign Negative Phrase
FL-TAMPA | Sub-Zero | tCPA 2026,appliancerepairtoday,Campaign Negative Phrase
CHICAGO | Lux Search | MaxConv 2026,appliancerepairtoday,Campaign Negative Phrase
FL-JACKSONVILLE | Sub-Zero | tCPA 2026,appliancerepairtoday,Campaign Negative Phrase
FL-NORTH-CENTRAL | Sub-Zero | tCPA 2026,appliancerepairtoday,Campaign Negative Phrase
TAMPA | Lux Search | tCPA 2026,jennair com,Campaign Negative Phrase
DESTIN | Lux Search | tCPA 2026,jennair com,Campaign Negative Phrase
MIAMI | Lux Search | tCPA 2026,jennair com,Campaign Negative Phrase
CHICAGO | Lux Search | MaxConv 2026,jennair com,Campaign Negative Phrase
FL-BROWARD | Sub-Zero | tCPA 2026,jennair.com,Campaign Negative Phrase
TAMPA | Lux Search | tCPA 2026,jennair.com,Campaign Negative Phrase
CHI-CITY | Sub-Zero | tCPA 2026,jennair.com,Campaign Negative Phrase
FL-PANHANDLE | Sub-Zero | tCPA 2026,jennair.com,Campaign Negative Phrase
DESTIN | Lux Search | tCPA 2026,jennair.com,Campaign Negative Phrase
FL-PALM-BEACH | Sub-Zero | tCPA 2026,jennair.com,Campaign Negative Phrase
FL-ORLANDO | Sub-Zero | tCPA 2026,jennair.com,Campaign Negative Phrase
CHI-WEST | Sub-Zero | tCPA 2026,jennair.com,Campaign Negative Phrase
MIAMI | Lux Search | tCPA 2026,jennair.com,Campaign Negative Phrase
FL-MIAMI-DADE | Sub-Zero | tCPA 2026,jennair.com,Campaign Negative Phrase
CHI-NORTHWEST | Sub-Zero | tCPA 2026,jennair.com,Campaign Negative Phrase
CHI-NORTH-SHORE | Sub-Zero | tCPA 2026,jennair.com,Campaign Negative Phrase
CHI-WI-MI | Sub-Zero | tCPA 2026,jennair.com,Campaign Negative Phrase
FL-SARASOTA | Sub-Zero | tCPA 2026,jennair.com,Campaign Negative Phrase
CHI-INDIANA | Sub-Zero | tCPA 2026,jennair.com,Campaign Negative Phrase
CHI-SOUTH | Sub-Zero | tCPA 2026,jennair.com,Campaign Negative Phrase
FL-NAPLES-FORT-MYERS | Sub-Zero | tCPA 2026,jennair.com,Campaign Negative Phrase
FL-PINELLAS | Sub-Zero | tCPA 2026,jennair.com,Campaign Negative Phrase
FL-TAMPA | Sub-Zero | tCPA 2026,jennair.com,Campaign Negative Phrase
CHICAGO | Lux Search | MaxConv 2026,jennair.com,Campaign Negative Phrase
FL-JACKSONVILLE | Sub-Zero | tCPA 2026,jennair.com,Campaign Negative Phrase
FL-NORTH-CENTRAL | Sub-Zero | tCPA 2026,jennair.com,Campaign Negative Phrase
TAMPA | Lux Search | tCPA 2026,thermador com,Campaign Negative Phrase
DESTIN | Lux Search | tCPA 2026,thermador com,Campaign Negative Phrase
MIAMI | Lux Search | tCPA 2026,thermador com,Campaign Negative Phrase
CHICAGO | Lux Search | MaxConv 2026,thermador com,Campaign Negative Phrase
FL-BROWARD | Sub-Zero | tCPA 2026,thermador.com,Campaign Negative Phrase
TAMPA | Lux Search | tCPA 2026,thermador.com,Campaign Negative Phrase
CHI-CITY | Sub-Zero | tCPA 2026,thermador.com,Campaign Negative Phrase
FL-PANHANDLE | Sub-Zero | tCPA 2026,thermador.com,Campaign Negative Phrase
DESTIN | Lux Search | tCPA 2026,thermador.com,Campaign Negative Phrase
FL-PALM-BEACH | Sub-Zero | tCPA 2026,thermador.com,Campaign Negative Phrase
FL-ORLANDO | Sub-Zero | tCPA 2026,thermador.com,Campaign Negative Phrase
CHI-WEST | Sub-Zero | tCPA 2026,thermador.com,Campaign Negative Phrase
MIAMI | Lux Search | tCPA 2026,thermador.com,Campaign Negative Phrase
FL-MIAMI-DADE | Sub-Zero | tCPA 2026,thermador.com,Campaign Negative Phrase
CHI-NORTHWEST | Sub-Zero | tCPA 2026,thermador.com,Campaign Negative Phrase
CHI-NORTH-SHORE | Sub-Zero | tCPA 2026,thermador.com,Campaign Negative Phrase
CHI-WI-MI | Sub-Zero | tCPA 2026,thermador.com,Campaign Negative Phrase
FL-SARASOTA | Sub-Zero | tCPA 2026,thermador.com,Campaign Negative Phrase
CHI-INDIANA | Sub-Zero | tCPA 2026,thermador.com,Campaign Negative Phrase
CHI-SOUTH | Sub-Zero | tCPA 2026,thermador.com,Campaign Negative Phrase
FL-NAPLES-FORT-MYERS | Sub-Zero | tCPA 2026,thermador.com,Campaign Negative Phrase
FL-PINELLAS | Sub-Zero | tCPA 2026,thermador.com,Campaign Negative Phrase
FL-TAMPA | Sub-Zero | tCPA 2026,thermador.com,Campaign Negative Phrase
CHICAGO | Lux Search | MaxConv 2026,thermador.com,Campaign Negative Phrase
FL-JACKSONVILLE | Sub-Zero | tCPA 2026,thermador.com,Campaign Negative Phrase
FL-NORTH-CENTRAL | Sub-Zero | tCPA 2026,thermador.com,Campaign Negative Phrase
TAMPA | Lux Search | tCPA 2026,miele com,Campaign Negative Phrase
DESTIN | Lux Search | tCPA 2026,miele com,Campaign Negative Phrase
MIAMI | Lux Search | tCPA 2026,miele com,Campaign Negative Phrase
CHICAGO | Lux Search | MaxConv 2026,miele com,Campaign Negative Phrase
FL-BROWARD | Sub-Zero | tCPA 2026,miele.com,Campaign Negative Phrase
TAMPA | Lux Search | tCPA 2026,miele.com,Campaign Negative Phrase
CHI-CITY | Sub-Zero | tCPA 2026,miele.com,Campaign Negative Phrase
FL-PANHANDLE | Sub-Zero | tCPA 2026,miele.com,Campaign Negative Phrase
DESTIN | Lux Search | tCPA 2026,miele.com,Campaign Negative Phrase
FL-PALM-BEACH | Sub-Zero | tCPA 2026,miele.com,Campaign Negative Phrase
FL-ORLANDO | Sub-Zero | tCPA 2026,miele.com,Campaign Negative Phrase
CHI-WEST | Sub-Zero | tCPA 2026,miele.com,Campaign Negative Phrase
MIAMI | Lux Search | tCPA 2026,miele.com,Campaign Negative Phrase
FL-MIAMI-DADE | Sub-Zero | tCPA 2026,miele.com,Campaign Negative Phrase
CHI-NORTHWEST | Sub-Zero | tCPA 2026,miele.com,Campaign Negative Phrase
CHI-NORTH-SHORE | Sub-Zero | tCPA 2026,miele.com,Campaign Negative Phrase
CHI-WI-MI | Sub-Zero | tCPA 2026,miele.com,Campaign Negative Phrase
FL-SARASOTA | Sub-Zero | tCPA 2026,miele.com,Campaign Negative Phrase
CHI-INDIANA | Sub-Zero | tCPA 2026,miele.com,Campaign Negative Phrase
CHI-SOUTH | Sub-Zero | tCPA 2026,miele.com,Campaign Negative Phrase
FL-NAPLES-FORT-MYERS | Sub-Zero | tCPA 2026,miele.com,Campaign Negative Phrase
FL-PINELLAS | Sub-Zero | tCPA 2026,miele.com,Campaign Negative Phrase
FL-TAMPA | Sub-Zero | tCPA 2026,miele.com,Campaign Negative Phrase
CHICAGO | Lux Search | MaxConv 2026,miele.com,Campaign Negative Phrase
FL-JACKSONVILLE | Sub-Zero | tCPA 2026,miele.com,Campaign Negative Phrase
FL-NORTH-CENTRAL | Sub-Zero | tCPA 2026,miele.com,Campaign Negative Phrase
FL-BROWARD | Sub-Zero | tCPA 2026,wolf com,Campaign Negative Phrase
TAMPA | Lux Search | tCPA 2026,wolf com,Campaign Negative Phrase
CHI-CITY | Sub-Zero | tCPA 2026,wolf com,Campaign Negative Phrase
FL-PANHANDLE | Sub-Zero | tCPA 2026,wolf com,Campaign Negative Phrase
DESTIN | Lux Search | tCPA 2026,wolf com,Campaign Negative Phrase
FL-PALM-BEACH | Sub-Zero | tCPA 2026,wolf com,Campaign Negative Phrase
FL-ORLANDO | Sub-Zero | tCPA 2026,wolf com,Campaign Negative Phrase
CHI-WEST | Sub-Zero | tCPA 2026,wolf com,Campaign Negative Phrase
MIAMI | Lux Search | tCPA 2026,wolf com,Campaign Negative Phrase
FL-MIAMI-DADE | Sub-Zero | tCPA 2026,wolf com,Campaign Negative Phrase
CHI-NORTHWEST | Sub-Zero | tCPA 2026,wolf com,Campaign Negative Phrase
CHI-NORTH-SHORE | Sub-Zero | tCPA 2026,wolf com,Campaign Negative Phrase
CHI-WI-MI | Sub-Zero | tCPA 2026,wolf com,Campaign Negative Phrase
FL-SARASOTA | Sub-Zero | tCPA 2026,wolf com,Campaign Negative Phrase
CHI-INDIANA | Sub-Zero | tCPA 2026,wolf com,Campaign Negative Phrase
CHI-SOUTH | Sub-Zero | tCPA 2026,wolf com,Campaign Negative Phrase
FL-NAPLES-FORT-MYERS | Sub-Zero | tCPA 2026,wolf com,Campaign Negative Phrase
FL-PINELLAS | Sub-Zero | tCPA 2026,wolf com,Campaign Negative Phrase
FL-TAMPA | Sub-Zero | tCPA 2026,wolf com,Campaign Negative Phrase
CHICAGO | Lux Search | MaxConv 2026,wolf com,Campaign Negative Phrase
FL-JACKSONVILLE | Sub-Zero | tCPA 2026,wolf com,Campaign Negative Phrase
FL-NORTH-CENTRAL | Sub-Zero | tCPA 2026,wolf com,Campaign Negative Phrase
FL-BROWARD | Sub-Zero | tCPA 2026,subzero-wolf.com,Campaign Negative Phrase
TAMPA | Lux Search | tCPA 2026,subzero-wolf.com,Campaign Negative Phrase
CHI-CITY | Sub-Zero | tCPA 2026,subzero-wolf.com,Campaign Negative Phrase
FL-PANHANDLE | Sub-Zero | tCPA 2026,subzero-wolf.com,Campaign Negative Phrase
DESTIN | Lux Search | tCPA 2026,subzero-wolf.com,Campaign Negative Phrase
FL-PALM-BEACH | Sub-Zero | tCPA 2026,subzero-wolf.com,Campaign Negative Phrase
FL-ORLANDO | Sub-Zero | tCPA 2026,subzero-wolf.com,Campaign Negative Phrase
CHI-WEST | Sub-Zero | tCPA 2026,subzero-wolf.com,Campaign Negative Phrase
MIAMI | Lux Search | tCPA 2026,subzero-wolf.com,Campaign Negative Phrase
FL-MIAMI-DADE | Sub-Zero | tCPA 2026,subzero-wolf.com,Campaign Negative Phrase
CHI-NORTHWEST | Sub-Zero | tCPA 2026,subzero-wolf.com,Campaign Negative Phrase
CHI-NORTH-SHORE | Sub-Zero | tCPA 2026,subzero-wolf.com,Campaign Negative Phrase
CHI-WI-MI | Sub-Zero | tCPA 2026,subzero-wolf.com,Campaign Negative Phrase
FL-SARASOTA | Sub-Zero | tCPA 2026,subzero-wolf.com,Campaign Negative Phrase
CHI-INDIANA | Sub-Zero | tCPA 2026,subzero-wolf.com,Campaign Negative Phrase
CHI-SOUTH | Sub-Zero | tCPA 2026,subzero-wolf.com,Campaign Negative Phrase
FL-NAPLES-FORT-MYERS | Sub-Zero | tCPA 2026,subzero-wolf.com,Campaign Negative Phrase
FL-PINELLAS | Sub-Zero | tCPA 2026,subzero-wolf.com,Campaign Negative Phrase
FL-TAMPA | Sub-Zero | tCPA 2026,subzero-wolf.com,Campaign Negative Phrase
CHICAGO | Lux Search | MaxConv 2026,subzero-wolf.com,Campaign Negative Phrase
FL-JACKSONVILLE | Sub-Zero | tCPA 2026,subzero-wolf.com,Campaign Negative Phrase
FL-NORTH-CENTRAL | Sub-Zero | tCPA 2026,subzero-wolf.com,Campaign Negative Phrase
FL-BROWARD | Sub-Zero | tCPA 2026,service number,Campaign Negative Phrase
TAMPA | Lux Search | tCPA 2026,service number,Campaign Negative Phrase
CHI-CITY | Sub-Zero | tCPA 2026,service number,Campaign Negative Phrase
FL-PANHANDLE | Sub-Zero | tCPA 2026,service number,Campaign Negative Phrase
DESTIN | Lux Search | tCPA 2026,service number,Campaign Negative Phrase
FL-PALM-BEACH | Sub-Zero | tCPA 2026,service number,Campaign Negative Phrase
FL-ORLANDO | Sub-Zero | tCPA 2026,service number,Campaign Negative Phrase
CHI-WEST | Sub-Zero | tCPA 2026,service number,Campaign Negative Phrase
MIAMI | Lux Search | tCPA 2026,service number,Campaign Negative Phrase
FL-MIAMI-DADE | Sub-Zero | tCPA 2026,service number,Campaign Negative Phrase
CHI-NORTHWEST | Sub-Zero | tCPA 2026,service number,Campaign Negative Phrase
CHI-NORTH-SHORE | Sub-Zero | tCPA 2026,service number,Campaign Negative Phrase
CHI-WI-MI | Sub-Zero | tCPA 2026,service number,Campaign Negative Phrase
FL-SARASOTA | Sub-Zero | tCPA 2026,service number,Campaign Negative Phrase
CHI-INDIANA | Sub-Zero | tCPA 2026,service number,Campaign Negative Phrase
CHI-SOUTH | Sub-Zero | tCPA 2026,service number,Campaign Negative Phrase
FL-NAPLES-FORT-MYERS | Sub-Zero | tCPA 2026,service number,Campaign Negative Phrase
FL-PINELLAS | Sub-Zero | tCPA 2026,service number,Campaign Negative Phrase
FL-TAMPA | Sub-Zero | tCPA 2026,service number,Campaign Negative Phrase
CHICAGO | Lux Search | MaxConv 2026,service number,Campaign Negative Phrase
FL-JACKSONVILLE | Sub-Zero | tCPA 2026,service number,Campaign Negative Phrase
FL-NORTH-CENTRAL | Sub-Zero | tCPA 2026,service number,Campaign Negative Phrase
FL-BROWARD | Sub-Zero | tCPA 2026,1 800,Campaign Negative Phrase
TAMPA | Lux Search | tCPA 2026,1 800,Campaign Negative Phrase
CHI-CITY | Sub-Zero | tCPA 2026,1 800,Campaign Negative Phrase
FL-PANHANDLE | Sub-Zero | tCPA 2026,1 800,Campaign Negative Phrase
DESTIN | Lux Search | tCPA 2026,1 800,Campaign Negative Phrase
FL-PALM-BEACH | Sub-Zero | tCPA 2026,1 800,Campaign Negative Phrase
FL-ORLANDO | Sub-Zero | tCPA 2026,1 800,Campaign Negative Phrase
CHI-WEST | Sub-Zero | tCPA 2026,1 800,Campaign Negative Phrase
MIAMI | Lux Search | tCPA 2026,1 800,Campaign Negative Phrase
FL-MIAMI-DADE | Sub-Zero | tCPA 2026,1 800,Campaign Negative Phrase
CHI-NORTHWEST | Sub-Zero | tCPA 2026,1 800,Campaign Negative Phrase
CHI-NORTH-SHORE | Sub-Zero | tCPA 2026,1 800,Campaign Negative Phrase
CHI-WI-MI | Sub-Zero | tCPA 2026,1 800,Campaign Negative Phrase
FL-SARASOTA | Sub-Zero | tCPA 2026,1 800,Campaign Negative Phrase
CHI-INDIANA | Sub-Zero | tCPA 2026,1 800,Campaign Negative Phrase
CHI-SOUTH | Sub-Zero | tCPA 2026,1 800,Campaign Negative Phrase
FL-NAPLES-FORT-MYERS | Sub-Zero | tCPA 2026,1 800,Campaign Negative Phrase
FL-PINELLAS | Sub-Zero | tCPA 2026,1 800,Campaign Negative Phrase
FL-TAMPA | Sub-Zero | tCPA 2026,1 800,Campaign Negative Phrase
CHICAGO | Lux Search | MaxConv 2026,1 800,Campaign Negative Phrase
FL-JACKSONVILLE | Sub-Zero | tCPA 2026,1 800,Campaign Negative Phrase
FL-NORTH-CENTRAL | Sub-Zero | tCPA 2026,1 800,Campaign Negative Phrase
FL-BROWARD | Sub-Zero | tCPA 2026,1-800,Campaign Negative Phrase
TAMPA | Lux Search | tCPA 2026,1-800,Campaign Negative Phrase
CHI-CITY | Sub-Zero | tCPA 2026,1-800,Campaign Negative Phrase
FL-PANHANDLE | Sub-Zero | tCPA 2026,1-800,Campaign Negative Phrase
DESTIN | Lux Search | tCPA 2026,1-800,Campaign Negative Phrase
FL-PALM-BEACH | Sub-Zero | tCPA 2026,1-800,Campaign Negative Phrase
FL-ORLANDO | Sub-Zero | tCPA 2026,1-800,Campaign Negative Phrase
CHI-WEST | Sub-Zero | tCPA 2026,1-800,Campaign Negative Phrase
MIAMI | Lux Search | tCPA 2026,1-800,Campaign Negative Phrase
FL-MIAMI-DADE | Sub-Zero | tCPA 2026,1-800,Campaign Negative Phrase
CHI-NORTHWEST | Sub-Zero | tCPA 2026,1-800,Campaign Negative Phrase
CHI-NORTH-SHORE | Sub-Zero | tCPA 2026,1-800,Campaign Negative Phrase
CHI-WI-MI | Sub-Zero | tCPA 2026,1-800,Campaign Negative Phrase
FL-SARASOTA | Sub-Zero | tCPA 2026,1-800,Campaign Negative Phrase
CHI-INDIANA | Sub-Zero | tCPA 2026,1-800,Campaign Negative Phrase
CHI-SOUTH | Sub-Zero | tCPA 2026,1-800,Campaign Negative Phrase
FL-NAPLES-FORT-MYERS | Sub-Zero | tCPA 2026,1-800,Campaign Negative Phrase
FL-PINELLAS | Sub-Zero | tCPA 2026,1-800,Campaign Negative Phrase
FL-TAMPA | Sub-Zero | tCPA 2026,1-800,Campaign Negative Phrase
CHICAGO | Lux Search | MaxConv 2026,1-800,Campaign Negative Phrase
FL-JACKSONVILLE | Sub-Zero | tCPA 2026,1-800,Campaign Negative Phrase
FL-NORTH-CENTRAL | Sub-Zero | tCPA 2026,1-800,Campaign Negative Phrase
FL-BROWARD | Sub-Zero | tCPA 2026,warranty phone,Campaign Negative Phrase
CHI-CITY | Sub-Zero | tCPA 2026,warranty phone,Campaign Negative Phrase
FL-PANHANDLE | Sub-Zero | tCPA 2026,warranty phone,Campaign Negative Phrase
FL-PALM-BEACH | Sub-Zero | tCPA 2026,warranty phone,Campaign Negative Phrase
FL-ORLANDO | Sub-Zero | tCPA 2026,warranty phone,Campaign Negative Phrase
CHI-WEST | Sub-Zero | tCPA 2026,warranty phone,Campaign Negative Phrase
FL-MIAMI-DADE | Sub-Zero | tCPA 2026,warranty phone,Campaign Negative Phrase
CHI-NORTHWEST | Sub-Zero | tCPA 2026,warranty phone,Campaign Negative Phrase
CHI-NORTH-SHORE | Sub-Zero | tCPA 2026,warranty phone,Campaign Negative Phrase
CHI-WI-MI | Sub-Zero | tCPA 2026,warranty phone,Campaign Negative Phrase
FL-SARASOTA | Sub-Zero | tCPA 2026,warranty phone,Campaign Negative Phrase
CHI-INDIANA | Sub-Zero | tCPA 2026,warranty phone,Campaign Negative Phrase
CHI-SOUTH | Sub-Zero | tCPA 2026,warranty phone,Campaign Negative Phrase
FL-NAPLES-FORT-MYERS | Sub-Zero | tCPA 2026,warranty phone,Campaign Negative Phrase
FL-PINELLAS | Sub-Zero | tCPA 2026,warranty phone,Campaign Negative Phrase
FL-TAMPA | Sub-Zero | tCPA 2026,warranty phone,Campaign Negative Phrase
FL-JACKSONVILLE | Sub-Zero | tCPA 2026,warranty phone,Campaign Negative Phrase
FL-NORTH-CENTRAL | Sub-Zero | tCPA 2026,warranty phone,Campaign Negative Phrase
FL-BROWARD | Sub-Zero | tCPA 2026,call center,Campaign Negative Phrase
TAMPA | Lux Search | tCPA 2026,call center,Campaign Negative Phrase
CHI-CITY | Sub-Zero | tCPA 2026,call center,Campaign Negative Phrase
FL-PANHANDLE | Sub-Zero | tCPA 2026,call center,Campaign Negative Phrase
DESTIN | Lux Search | tCPA 2026,call center,Campaign Negative Phrase
FL-PALM-BEACH | Sub-Zero | tCPA 2026,call center,Campaign Negative Phrase
FL-ORLANDO | Sub-Zero | tCPA 2026,call center,Campaign Negative Phrase
CHI-WEST | Sub-Zero | tCPA 2026,call center,Campaign Negative Phrase
MIAMI | Lux Search | tCPA 2026,call center,Campaign Negative Phrase
FL-MIAMI-DADE | Sub-Zero | tCPA 2026,call center,Campaign Negative Phrase
CHI-NORTHWEST | Sub-Zero | tCPA 2026,call center,Campaign Negative Phrase
CHI-NORTH-SHORE | Sub-Zero | tCPA 2026,call center,Campaign Negative Phrase
CHI-WI-MI | Sub-Zero | tCPA 2026,call center,Campaign Negative Phrase
FL-SARASOTA | Sub-Zero | tCPA 2026,call center,Campaign Negative Phrase
CHI-INDIANA | Sub-Zero | tCPA 2026,call center,Campaign Negative Phrase
CHI-SOUTH | Sub-Zero | tCPA 2026,call center,Campaign Negative Phrase
FL-NAPLES-FORT-MYERS | Sub-Zero | tCPA 2026,call center,Campaign Negative Phrase
FL-PINELLAS | Sub-Zero | tCPA 2026,call center,Campaign Negative Phrase
FL-TAMPA | Sub-Zero | tCPA 2026,call center,Campaign Negative Phrase
CHICAGO | Lux Search | MaxConv 2026,call center,Campaign Negative Phrase
FL-JACKSONVILLE | Sub-Zero | tCPA 2026,call center,Campaign Negative Phrase
FL-NORTH-CENTRAL | Sub-Zero | tCPA 2026,call center,Campaign Negative Phrase
TAMPA | Lux Search | tCPA 2026,call fisher paykel,Campaign Negative Phrase
DESTIN | Lux Search | tCPA 2026,call fisher paykel,Campaign Negative Phrase
MIAMI | Lux Search | tCPA 2026,call fisher paykel,Campaign Negative Phrase
CHICAGO | Lux Search | MaxConv 2026,call fisher paykel,Campaign Negative Phrase
FL-BROWARD | Sub-Zero | tCPA 2026,sub zero help,Campaign Negative Phrase
CHI-CITY | Sub-Zero | tCPA 2026,sub zero help,Campaign Negative Phrase
FL-PANHANDLE | Sub-Zero | tCPA 2026,sub zero help,Campaign Negative Phrase
DESTIN | Lux Search | tCPA 2026,sub zero help,Campaign Negative Phrase
FL-PALM-BEACH | Sub-Zero | tCPA 2026,sub zero help,Campaign Negative Phrase
FL-ORLANDO | Sub-Zero | tCPA 2026,sub zero help,Campaign Negative Phrase
CHI-WEST | Sub-Zero | tCPA 2026,sub zero help,Campaign Negative Phrase
FL-MIAMI-DADE | Sub-Zero | tCPA 2026,sub zero help,Campaign Negative Phrase
CHI-NORTHWEST | Sub-Zero | tCPA 2026,sub zero help,Campaign Negative Phrase
CHI-NORTH-SHORE | Sub-Zero | tCPA 2026,sub zero help,Campaign Negative Phrase
CHI-WI-MI | Sub-Zero | tCPA 2026,sub zero help,Campaign Negative Phrase
FL-SARASOTA | Sub-Zero | tCPA 2026,sub zero help,Campaign Negative Phrase
CHI-INDIANA | Sub-Zero | tCPA 2026,sub zero help,Campaign Negative Phrase
CHI-SOUTH | Sub-Zero | tCPA 2026,sub zero help,Campaign Negative Phrase
FL-NAPLES-FORT-MYERS | Sub-Zero | tCPA 2026,sub zero help,Campaign Negative Phrase
FL-PINELLAS | Sub-Zero | tCPA 2026,sub zero help,Campaign Negative Phrase
FL-TAMPA | Sub-Zero | tCPA 2026,sub zero help,Campaign Negative Phrase
CHICAGO | Lux Search | MaxConv 2026,sub zero help,Campaign Negative Phrase
FL-JACKSONVILLE | Sub-Zero | tCPA 2026,sub zero help,Campaign Negative Phrase
FL-NORTH-CENTRAL | Sub-Zero | tCPA 2026,sub zero help,Campaign Negative Phrase
FL-BROWARD | Sub-Zero | tCPA 2026,subzero help,Campaign Negative Phrase
CHI-CITY | Sub-Zero | tCPA 2026,subzero help,Campaign Negative Phrase
FL-PANHANDLE | Sub-Zero | tCPA 2026,subzero help,Campaign Negative Phrase
DESTIN | Lux Search | tCPA 2026,subzero help,Campaign Negative Phrase
FL-PALM-BEACH | Sub-Zero | tCPA 2026,subzero help,Campaign Negative Phrase
FL-ORLANDO | Sub-Zero | tCPA 2026,subzero help,Campaign Negative Phrase
CHI-WEST | Sub-Zero | tCPA 2026,subzero help,Campaign Negative Phrase
FL-MIAMI-DADE | Sub-Zero | tCPA 2026,subzero help,Campaign Negative Phrase
CHI-NORTHWEST | Sub-Zero | tCPA 2026,subzero help,Campaign Negative Phrase
CHI-NORTH-SHORE | Sub-Zero | tCPA 2026,subzero help,Campaign Negative Phrase
CHI-WI-MI | Sub-Zero | tCPA 2026,subzero help,Campaign Negative Phrase
FL-SARASOTA | Sub-Zero | tCPA 2026,subzero help,Campaign Negative Phrase
CHI-INDIANA | Sub-Zero | tCPA 2026,subzero help,Campaign Negative Phrase
CHI-SOUTH | Sub-Zero | tCPA 2026,subzero help,Campaign Negative Phrase
FL-NAPLES-FORT-MYERS | Sub-Zero | tCPA 2026,subzero help,Campaign Negative Phrase
FL-PINELLAS | Sub-Zero | tCPA 2026,subzero help,Campaign Negative Phrase
FL-TAMPA | Sub-Zero | tCPA 2026,subzero help,Campaign Negative Phrase
CHICAGO | Lux Search | MaxConv 2026,subzero help,Campaign Negative Phrase
FL-JACKSONVILLE | Sub-Zero | tCPA 2026,subzero help,Campaign Negative Phrase
FL-NORTH-CENTRAL | Sub-Zero | tCPA 2026,subzero help,Campaign Negative Phrase
FL-BROWARD | Sub-Zero | tCPA 2026,diagram,Campaign Negative Broad
TAMPA | Lux Search | tCPA 2026,diagram,Campaign Negative Broad
CHI-CITY | Sub-Zero | tCPA 2026,diagram,Campaign Negative Broad
FL-PANHANDLE | Sub-Zero | tCPA 2026,diagram,Campaign Negative Broad
DESTIN | Lux Search | tCPA 2026,diagram,Campaign Negative Broad
FL-PALM-BEACH | Sub-Zero | tCPA 2026,diagram,Campaign Negative Broad
FL-ORLANDO | Sub-Zero | tCPA 2026,diagram,Campaign Negative Broad
CHI-WEST | Sub-Zero | tCPA 2026,diagram,Campaign Negative Broad
MIAMI | Lux Search | tCPA 2026,diagram,Campaign Negative Broad
FL-MIAMI-DADE | Sub-Zero | tCPA 2026,diagram,Campaign Negative Broad
CHI-NORTHWEST | Sub-Zero | tCPA 2026,diagram,Campaign Negative Broad
CHI-NORTH-SHORE | Sub-Zero | tCPA 2026,diagram,Campaign Negative Broad
CHI-WI-MI | Sub-Zero | tCPA 2026,diagram,Campaign Negative Broad
FL-SARASOTA | Sub-Zero | tCPA 2026,diagram,Campaign Negative Broad
CHI-INDIANA | Sub-Zero | tCPA 2026,diagram,Campaign Negative Broad
CHI-SOUTH | Sub-Zero | tCPA 2026,diagram,Campaign Negative Broad
FL-NAPLES-FORT-MYERS | Sub-Zero | tCPA 2026,diagram,Campaign Negative Broad
FL-PINELLAS | Sub-Zero | tCPA 2026,diagram,Campaign Negative Broad
FL-TAMPA | Sub-Zero | tCPA 2026,diagram,Campaign Negative Broad
CHICAGO | Lux Search | MaxConv 2026,diagram,Campaign Negative Broad
FL-JACKSONVILLE | Sub-Zero | tCPA 2026,diagram,Campaign Negative Broad
FL-NORTH-CENTRAL | Sub-Zero | tCPA 2026,diagram,Campaign Negative Broad
FL-BROWARD | Sub-Zero | tCPA 2026,schematic,Campaign Negative Broad
TAMPA | Lux Search | tCPA 2026,schematic,Campaign Negative Broad
CHI-CITY | Sub-Zero | tCPA 2026,schematic,Campaign Negative Broad
FL-PANHANDLE | Sub-Zero | tCPA 2026,schematic,Campaign Negative Broad
DESTIN | Lux Search | tCPA 2026,schematic,Campaign Negative Broad
FL-PALM-BEACH | Sub-Zero | tCPA 2026,schematic,Campaign Negative Broad
FL-ORLANDO | Sub-Zero | tCPA 2026,schematic,Campaign Negative Broad
CHI-WEST | Sub-Zero | tCPA 2026,schematic,Campaign Negative Broad
MIAMI | Lux Search | tCPA 2026,schematic,Campaign Negative Broad
FL-MIAMI-DADE | Sub-Zero | tCPA 2026,schematic,Campaign Negative Broad
CHI-NORTHWEST | Sub-Zero | tCPA 2026,schematic,Campaign Negative Broad
CHI-NORTH-SHORE | Sub-Zero | tCPA 2026,schematic,Campaign Negative Broad
CHI-WI-MI | Sub-Zero | tCPA 2026,schematic,Campaign Negative Broad
FL-SARASOTA | Sub-Zero | tCPA 2026,schematic,Campaign Negative Broad
CHI-INDIANA | Sub-Zero | tCPA 2026,schematic,Campaign Negative Broad
CHI-SOUTH | Sub-Zero | tCPA 2026,schematic,Campaign Negative Broad
FL-NAPLES-FORT-MYERS | Sub-Zero | tCPA 2026,schematic,Campaign Negative Broad
FL-PINELLAS | Sub-Zero | tCPA 2026,schematic,Campaign Negative Broad
FL-TAMPA | Sub-Zero | tCPA 2026,schematic,Campaign Negative Broad
CHICAGO | Lux Search | MaxConv 2026,schematic,Campaign Negative Broad
FL-JACKSONVILLE | Sub-Zero | tCPA 2026,schematic,Campaign Negative Broad
FL-NORTH-CENTRAL | Sub-Zero | tCPA 2026,schematic,Campaign Negative Broad
FL-BROWARD | Sub-Zero | tCPA 2026,wiring,Campaign Negative Broad
TAMPA | Lux Search | tCPA 2026,wiring,Campaign Negative Broad
CHI-CITY | Sub-Zero | tCPA 2026,wiring,Campaign Negative Broad
FL-PANHANDLE | Sub-Zero | tCPA 2026,wiring,Campaign Negative Broad
DESTIN | Lux Search | tCPA 2026,wiring,Campaign Negative Broad
FL-PALM-BEACH | Sub-Zero | tCPA 2026,wiring,Campaign Negative Broad
FL-ORLANDO | Sub-Zero | tCPA 2026,wiring,Campaign Negative Broad
CHI-WEST | Sub-Zero | tCPA 2026,wiring,Campaign Negative Broad
MIAMI | Lux Search | tCPA 2026,wiring,Campaign Negative Broad
FL-MIAMI-DADE | Sub-Zero | tCPA 2026,wiring,Campaign Negative Broad
CHI-NORTHWEST | Sub-Zero | tCPA 2026,wiring,Campaign Negative Broad
CHI-NORTH-SHORE | Sub-Zero | tCPA 2026,wiring,Campaign Negative Broad
CHI-WI-MI | Sub-Zero | tCPA 2026,wiring,Campaign Negative Broad
FL-SARASOTA | Sub-Zero | tCPA 2026,wiring,Campaign Negative Broad
CHI-INDIANA | Sub-Zero | tCPA 2026,wiring,Campaign Negative Broad
CHI-SOUTH | Sub-Zero | tCPA 2026,wiring,Campaign Negative Broad
FL-NAPLES-FORT-MYERS | Sub-Zero | tCPA 2026,wiring,Campaign Negative Broad
FL-PINELLAS | Sub-Zero | tCPA 2026,wiring,Campaign Negative Broad
FL-TAMPA | Sub-Zero | tCPA 2026,wiring,Campaign Negative Broad
CHICAGO | Lux Search | MaxConv 2026,wiring,Campaign Negative Broad
FL-JACKSONVILLE | Sub-Zero | tCPA 2026,wiring,Campaign Negative Broad
FL-NORTH-CENTRAL | Sub-Zero | tCPA 2026,wiring,Campaign Negative Broad
FL-BROWARD | Sub-Zero | tCPA 2026,custom panels,Campaign Negative Phrase
TAMPA | Lux Search | tCPA 2026,custom panels,Campaign Negative Phrase
CHI-CITY | Sub-Zero | tCPA 2026,custom panels,Campaign Negative Phrase
FL-PANHANDLE | Sub-Zero | tCPA 2026,custom panels,Campaign Negative Phrase
DESTIN | Lux Search | tCPA 2026,custom panels,Campaign Negative Phrase
FL-PALM-BEACH | Sub-Zero | tCPA 2026,custom panels,Campaign Negative Phrase
FL-ORLANDO | Sub-Zero | tCPA 2026,custom panels,Campaign Negative Phrase
CHI-WEST | Sub-Zero | tCPA 2026,custom panels,Campaign Negative Phrase
MIAMI | Lux Search | tCPA 2026,custom panels,Campaign Negative Phrase
FL-MIAMI-DADE | Sub-Zero | tCPA 2026,custom panels,Campaign Negative Phrase
CHI-NORTHWEST | Sub-Zero | tCPA 2026,custom panels,Campaign Negative Phrase
CHI-NORTH-SHORE | Sub-Zero | tCPA 2026,custom panels,Campaign Negative Phrase
CHI-WI-MI | Sub-Zero | tCPA 2026,custom panels,Campaign Negative Phrase
FL-SARASOTA | Sub-Zero | tCPA 2026,custom panels,Campaign Negative Phrase
CHI-INDIANA | Sub-Zero | tCPA 2026,custom panels,Campaign Negative Phrase
CHI-SOUTH | Sub-Zero | tCPA 2026,custom panels,Campaign Negative Phrase
FL-NAPLES-FORT-MYERS | Sub-Zero | tCPA 2026,custom panels,Campaign Negative Phrase
FL-PINELLAS | Sub-Zero | tCPA 2026,custom panels,Campaign Negative Phrase
FL-TAMPA | Sub-Zero | tCPA 2026,custom panels,Campaign Negative Phrase
CHICAGO | Lux Search | MaxConv 2026,custom panels,Campaign Negative Phrase
FL-JACKSONVILLE | Sub-Zero | tCPA 2026,custom panels,Campaign Negative Phrase
FL-NORTH-CENTRAL | Sub-Zero | tCPA 2026,custom panels,Campaign Negative Phrase
FL-BROWARD | Sub-Zero | tCPA 2026,custom panel,Campaign Negative Phrase
TAMPA | Lux Search | tCPA 2026,custom panel,Campaign Negative Phrase
CHI-CITY | Sub-Zero | tCPA 2026,custom panel,Campaign Negative Phrase
FL-PANHANDLE | Sub-Zero | tCPA 2026,custom panel,Campaign Negative Phrase
DESTIN | Lux Search | tCPA 2026,custom panel,Campaign Negative Phrase
FL-PALM-BEACH | Sub-Zero | tCPA 2026,custom panel,Campaign Negative Phrase
FL-ORLANDO | Sub-Zero | tCPA 2026,custom panel,Campaign Negative Phrase
CHI-WEST | Sub-Zero | tCPA 2026,custom panel,Campaign Negative Phrase
MIAMI | Lux Search | tCPA 2026,custom panel,Campaign Negative Phrase
FL-MIAMI-DADE | Sub-Zero | tCPA 2026,custom panel,Campaign Negative Phrase
CHI-NORTHWEST | Sub-Zero | tCPA 2026,custom panel,Campaign Negative Phrase
CHI-NORTH-SHORE | Sub-Zero | tCPA 2026,custom panel,Campaign Negative Phrase
CHI-WI-MI | Sub-Zero | tCPA 2026,custom panel,Campaign Negative Phrase
FL-SARASOTA | Sub-Zero | tCPA 2026,custom panel,Campaign Negative Phrase
CHI-INDIANA | Sub-Zero | tCPA 2026,custom panel,Campaign Negative Phrase
CHI-SOUTH | Sub-Zero | tCPA 2026,custom panel,Campaign Negative Phrase
FL-NAPLES-FORT-MYERS | Sub-Zero | tCPA 2026,custom panel,Campaign Negative Phrase
FL-PINELLAS | Sub-Zero | tCPA 2026,custom panel,Campaign Negative Phrase
FL-TAMPA | Sub-Zero | tCPA 2026,custom panel,Campaign Negative Phrase
CHICAGO | Lux Search | MaxConv 2026,custom panel,Campaign Negative Phrase
FL-JACKSONVILLE | Sub-Zero | tCPA 2026,custom panel,Campaign Negative Phrase
FL-NORTH-CENTRAL | Sub-Zero | tCPA 2026,custom panel,Campaign Negative Phrase
TAMPA | Lux Search | tCPA 2026,f 34,Campaign Negative Broad
DESTIN | Lux Search | tCPA 2026,f 34,Campaign Negative Broad
MIAMI | Lux Search | tCPA 2026,f 34,Campaign Negative Broad
CHICAGO | Lux Search | MaxConv 2026,f 34,Campaign Negative Broad
TAMPA | Lux Search | tCPA 2026,f34,Campaign Negative Broad
DESTIN | Lux Search | tCPA 2026,f34,Campaign Negative Broad
MIAMI | Lux Search | tCPA 2026,f34,Campaign Negative Broad
CHICAGO | Lux Search | MaxConv 2026,f34,Campaign Negative Broad
TAMPA | Lux Search | tCPA 2026,houston,Campaign Negative Broad
DESTIN | Lux Search | tCPA 2026,houston,Campaign Negative Broad
MIAMI | Lux Search | tCPA 2026,houston,Campaign Negative Broad
CHICAGO | Lux Search | MaxConv 2026,houston,Campaign Negative Broad
FL-BROWARD | Sub-Zero | tCPA 2026,north carolina,Campaign Negative Broad
TAMPA | Lux Search | tCPA 2026,north carolina,Campaign Negative Broad
CHI-CITY | Sub-Zero | tCPA 2026,north carolina,Campaign Negative Broad
FL-PANHANDLE | Sub-Zero | tCPA 2026,north carolina,Campaign Negative Broad
DESTIN | Lux Search | tCPA 2026,north carolina,Campaign Negative Broad
FL-PALM-BEACH | Sub-Zero | tCPA 2026,north carolina,Campaign Negative Broad
FL-ORLANDO | Sub-Zero | tCPA 2026,north carolina,Campaign Negative Broad
CHI-WEST | Sub-Zero | tCPA 2026,north carolina,Campaign Negative Broad
MIAMI | Lux Search | tCPA 2026,north carolina,Campaign Negative Broad
FL-MIAMI-DADE | Sub-Zero | tCPA 2026,north carolina,Campaign Negative Broad
CHI-NORTHWEST | Sub-Zero | tCPA 2026,north carolina,Campaign Negative Broad
CHI-NORTH-SHORE | Sub-Zero | tCPA 2026,north carolina,Campaign Negative Broad
CHI-WI-MI | Sub-Zero | tCPA 2026,north carolina,Campaign Negative Broad
FL-SARASOTA | Sub-Zero | tCPA 2026,north carolina,Campaign Negative Broad
CHI-INDIANA | Sub-Zero | tCPA 2026,north carolina,Campaign Negative Broad
CHI-SOUTH | Sub-Zero | tCPA 2026,north carolina,Campaign Negative Broad
FL-NAPLES-FORT-MYERS | Sub-Zero | tCPA 2026,north carolina,Campaign Negative Broad
FL-PINELLAS | Sub-Zero | tCPA 2026,north carolina,Campaign Negative Broad
FL-TAMPA | Sub-Zero | tCPA 2026,north carolina,Campaign Negative Broad
CHICAGO | Lux Search | MaxConv 2026,north carolina,Campaign Negative Broad
FL-JACKSONVILLE | Sub-Zero | tCPA 2026,north carolina,Campaign Negative Broad
FL-NORTH-CENTRAL | Sub-Zero | tCPA 2026,north carolina,Campaign Negative Broad
FL-BROWARD | Sub-Zero | tCPA 2026,nc,Campaign Negative Broad
TAMPA | Lux Search | tCPA 2026,nc,Campaign Negative Broad
CHI-CITY | Sub-Zero | tCPA 2026,nc,Campaign Negative Broad
FL-PANHANDLE | Sub-Zero | tCPA 2026,nc,Campaign Negative Broad
DESTIN | Lux Search | tCPA 2026,nc,Campaign Negative Broad
FL-PALM-BEACH | Sub-Zero | tCPA 2026,nc,Campaign Negative Broad
FL-ORLANDO | Sub-Zero | tCPA 2026,nc,Campaign Negative Broad
CHI-WEST | Sub-Zero | tCPA 2026,nc,Campaign Negative Broad
MIAMI | Lux Search | tCPA 2026,nc,Campaign Negative Broad
FL-MIAMI-DADE | Sub-Zero | tCPA 2026,nc,Campaign Negative Broad
CHI-NORTHWEST | Sub-Zero | tCPA 2026,nc,Campaign Negative Broad
CHI-NORTH-SHORE | Sub-Zero | tCPA 2026,nc,Campaign Negative Broad
CHI-WI-MI | Sub-Zero | tCPA 2026,nc,Campaign Negative Broad
FL-SARASOTA | Sub-Zero | tCPA 2026,nc,Campaign Negative Broad
CHI-INDIANA | Sub-Zero | tCPA 2026,nc,Campaign Negative Broad
CHI-SOUTH | Sub-Zero | tCPA 2026,nc,Campaign Negative Broad
FL-NAPLES-FORT-MYERS | Sub-Zero | tCPA 2026,nc,Campaign Negative Broad
FL-PINELLAS | Sub-Zero | tCPA 2026,nc,Campaign Negative Broad
FL-TAMPA | Sub-Zero | tCPA 2026,nc,Campaign Negative Broad
CHICAGO | Lux Search | MaxConv 2026,nc,Campaign Negative Broad
FL-JACKSONVILLE | Sub-Zero | tCPA 2026,nc,Campaign Negative Broad
FL-NORTH-CENTRAL | Sub-Zero | tCPA 2026,nc,Campaign Negative Broad
TAMPA | Lux Search | tCPA 2026,texas,Campaign Negative Broad
DESTIN | Lux Search | tCPA 2026,texas,Campaign Negative Broad
MIAMI | Lux Search | tCPA 2026,texas,Campaign Negative Broad
CHICAGO | Lux Search | MaxConv 2026,texas,Campaign Negative Broad
TAMPA | Lux Search | tCPA 2026,georgia,Campaign Negative Broad
MIAMI | Lux Search | tCPA 2026,georgia,Campaign Negative Broad
CHICAGO | Lux Search | MaxConv 2026,georgia,Campaign Negative Broad
CHICAGO | Lux Search | MaxConv 2026,atlanta,Campaign Negative Broad
TAMPA | Lux Search | tCPA 2026,california,Campaign Negative Broad
DESTIN | Lux Search | tCPA 2026,california,Campaign Negative Broad
MIAMI | Lux Search | tCPA 2026,california,Campaign Negative Broad
CHICAGO | Lux Search | MaxConv 2026,california,Campaign Negative Broad
TAMPA | Lux Search | tCPA 2026,ge appliance,Campaign Negative Phrase
DESTIN | Lux Search | tCPA 2026,ge appliance,Campaign Negative Phrase
MIAMI | Lux Search | tCPA 2026,ge appliance,Campaign Negative Phrase
CHICAGO | Lux Search | MaxConv 2026,ge appliance,Campaign Negative Phrase
TAMPA | Lux Search | tCPA 2026,wine cooler repair near me,Campaign Negative Exact
DESTIN | Lux Search | tCPA 2026,wine cooler repair near me,Campaign Negative Exact
MIAMI | Lux Search | tCPA 2026,wine cooler repair near me,Campaign Negative Exact
CHICAGO | Lux Search | MaxConv 2026,wine cooler repair near me,Campaign Negative Exact
TAMPA | Lux Search | tCPA 2026,refrigerator ice maker repair,Campaign Negative Exact
DESTIN | Lux Search | tCPA 2026,refrigerator ice maker repair,Campaign Negative Exact
MIAMI | Lux Search | tCPA 2026,refrigerator ice maker repair,Campaign Negative Exact
CHICAGO | Lux Search | MaxConv 2026,refrigerator ice maker repair,Campaign Negative Exact
TAMPA | Lux Search | tCPA 2026,refrigerator ice maker repair near me,Campaign Negative Exact
DESTIN | Lux Search | tCPA 2026,refrigerator ice maker repair near me,Campaign Negative Exact
MIAMI | Lux Search | tCPA 2026,refrigerator ice maker repair near me,Campaign Negative Exact
CHICAGO | Lux Search | MaxConv 2026,refrigerator ice maker repair near me,Campaign Negative Exact
DESTIN | Lux Search | tCPA 2026,appliance repair santa rosa beach,Campaign Negative Exact
DESTIN | Lux Search | tCPA 2026,santa rosa beach appliance repair,Campaign Negative Exact
DESTIN | Lux Search | tCPA 2026,appliance repair santa rosa beach fl,Campaign Negative Exact
FL-BROWARD | Sub-Zero | tCPA 2026,wolf oven,Campaign Negative Phrase
CHI-CITY | Sub-Zero | tCPA 2026,wolf oven,Campaign Negative Phrase
FL-PANHANDLE | Sub-Zero | tCPA 2026,wolf oven,Campaign Negative Phrase
FL-PALM-BEACH | Sub-Zero | tCPA 2026,wolf oven,Campaign Negative Phrase
FL-ORLANDO | Sub-Zero | tCPA 2026,wolf oven,Campaign Negative Phrase
CHI-WEST | Sub-Zero | tCPA 2026,wolf oven,Campaign Negative Phrase
FL-MIAMI-DADE | Sub-Zero | tCPA 2026,wolf oven,Campaign Negative Phrase
CHI-NORTHWEST | Sub-Zero | tCPA 2026,wolf oven,Campaign Negative Phrase
CHI-NORTH-SHORE | Sub-Zero | tCPA 2026,wolf oven,Campaign Negative Phrase
CHI-WI-MI | Sub-Zero | tCPA 2026,wolf oven,Campaign Negative Phrase
FL-SARASOTA | Sub-Zero | tCPA 2026,wolf oven,Campaign Negative Phrase
CHI-INDIANA | Sub-Zero | tCPA 2026,wolf oven,Campaign Negative Phrase
CHI-SOUTH | Sub-Zero | tCPA 2026,wolf oven,Campaign Negative Phrase
FL-NAPLES-FORT-MYERS | Sub-Zero | tCPA 2026,wolf oven,Campaign Negative Phrase
FL-PINELLAS | Sub-Zero | tCPA 2026,wolf oven,Campaign Negative Phrase
FL-TAMPA | Sub-Zero | tCPA 2026,wolf oven,Campaign Negative Phrase
FL-JACKSONVILLE | Sub-Zero | tCPA 2026,wolf oven,Campaign Negative Phrase
FL-NORTH-CENTRAL | Sub-Zero | tCPA 2026,wolf oven,Campaign Negative Phrase
FL-BROWARD | Sub-Zero | tCPA 2026,wolf range,Campaign Negative Phrase
CHI-CITY | Sub-Zero | tCPA 2026,wolf range,Campaign Negative Phrase
FL-PANHANDLE | Sub-Zero | tCPA 2026,wolf range,Campaign Negative Phrase
FL-PALM-BEACH | Sub-Zero | tCPA 2026,wolf range,Campaign Negative Phrase
FL-ORLANDO | Sub-Zero | tCPA 2026,wolf range,Campaign Negative Phrase
CHI-WEST | Sub-Zero | tCPA 2026,wolf range,Campaign Negative Phrase
FL-MIAMI-DADE | Sub-Zero | tCPA 2026,wolf range,Campaign Negative Phrase
CHI-NORTHWEST | Sub-Zero | tCPA 2026,wolf range,Campaign Negative Phrase
CHI-NORTH-SHORE | Sub-Zero | tCPA 2026,wolf range,Campaign Negative Phrase
CHI-WI-MI | Sub-Zero | tCPA 2026,wolf range,Campaign Negative Phrase
FL-SARASOTA | Sub-Zero | tCPA 2026,wolf range,Campaign Negative Phrase
CHI-INDIANA | Sub-Zero | tCPA 2026,wolf range,Campaign Negative Phrase
CHI-SOUTH | Sub-Zero | tCPA 2026,wolf range,Campaign Negative Phrase
FL-NAPLES-FORT-MYERS | Sub-Zero | tCPA 2026,wolf range,Campaign Negative Phrase
FL-PINELLAS | Sub-Zero | tCPA 2026,wolf range,Campaign Negative Phrase
FL-TAMPA | Sub-Zero | tCPA 2026,wolf range,Campaign Negative Phrase
FL-JACKSONVILLE | Sub-Zero | tCPA 2026,wolf range,Campaign Negative Phrase
FL-NORTH-CENTRAL | Sub-Zero | tCPA 2026,wolf range,Campaign Negative Phrase
FL-BROWARD | Sub-Zero | tCPA 2026,wolf stove,Campaign Negative Phrase
CHI-CITY | Sub-Zero | tCPA 2026,wolf stove,Campaign Negative Phrase
FL-PANHANDLE | Sub-Zero | tCPA 2026,wolf stove,Campaign Negative Phrase
FL-PALM-BEACH | Sub-Zero | tCPA 2026,wolf stove,Campaign Negative Phrase
FL-ORLANDO | Sub-Zero | tCPA 2026,wolf stove,Campaign Negative Phrase
CHI-WEST | Sub-Zero | tCPA 2026,wolf stove,Campaign Negative Phrase
FL-MIAMI-DADE | Sub-Zero | tCPA 2026,wolf stove,Campaign Negative Phrase
CHI-NORTHWEST | Sub-Zero | tCPA 2026,wolf stove,Campaign Negative Phrase
CHI-NORTH-SHORE | Sub-Zero | tCPA 2026,wolf stove,Campaign Negative Phrase
CHI-WI-MI | Sub-Zero | tCPA 2026,wolf stove,Campaign Negative Phrase
FL-SARASOTA | Sub-Zero | tCPA 2026,wolf stove,Campaign Negative Phrase
CHI-INDIANA | Sub-Zero | tCPA 2026,wolf stove,Campaign Negative Phrase
CHI-SOUTH | Sub-Zero | tCPA 2026,wolf stove,Campaign Negative Phrase
FL-NAPLES-FORT-MYERS | Sub-Zero | tCPA 2026,wolf stove,Campaign Negative Phrase
FL-PINELLAS | Sub-Zero | tCPA 2026,wolf stove,Campaign Negative Phrase
FL-TAMPA | Sub-Zero | tCPA 2026,wolf stove,Campaign Negative Phrase
FL-JACKSONVILLE | Sub-Zero | tCPA 2026,wolf stove,Campaign Negative Phrase
FL-NORTH-CENTRAL | Sub-Zero | tCPA 2026,wolf stove,Campaign Negative Phrase
FL-BROWARD | Sub-Zero | tCPA 2026,wolf appliance,Campaign Negative Phrase
CHI-CITY | Sub-Zero | tCPA 2026,wolf appliance,Campaign Negative Phrase
FL-PANHANDLE | Sub-Zero | tCPA 2026,wolf appliance,Campaign Negative Phrase
FL-PALM-BEACH | Sub-Zero | tCPA 2026,wolf appliance,Campaign Negative Phrase
FL-ORLANDO | Sub-Zero | tCPA 2026,wolf appliance,Campaign Negative Phrase
CHI-WEST | Sub-Zero | tCPA 2026,wolf appliance,Campaign Negative Phrase
FL-MIAMI-DADE | Sub-Zero | tCPA 2026,wolf appliance,Campaign Negative Phrase
CHI-NORTHWEST | Sub-Zero | tCPA 2026,wolf appliance,Campaign Negative Phrase
CHI-NORTH-SHORE | Sub-Zero | tCPA 2026,wolf appliance,Campaign Negative Phrase
CHI-WI-MI | Sub-Zero | tCPA 2026,wolf appliance,Campaign Negative Phrase
FL-SARASOTA | Sub-Zero | tCPA 2026,wolf appliance,Campaign Negative Phrase
CHI-INDIANA | Sub-Zero | tCPA 2026,wolf appliance,Campaign Negative Phrase
CHI-SOUTH | Sub-Zero | tCPA 2026,wolf appliance,Campaign Negative Phrase
FL-NAPLES-FORT-MYERS | Sub-Zero | tCPA 2026,wolf appliance,Campaign Negative Phrase
FL-PINELLAS | Sub-Zero | tCPA 2026,wolf appliance,Campaign Negative Phrase
FL-TAMPA | Sub-Zero | tCPA 2026,wolf appliance,Campaign Negative Phrase
FL-JACKSONVILLE | Sub-Zero | tCPA 2026,wolf appliance,Campaign Negative Phrase
FL-NORTH-CENTRAL | Sub-Zero | tCPA 2026,wolf appliance,Campaign Negative Phrase
FL-BROWARD | Sub-Zero | tCPA 2026,wolf appliances,Campaign Negative Phrase
CHI-CITY | Sub-Zero | tCPA 2026,wolf appliances,Campaign Negative Phrase
FL-PANHANDLE | Sub-Zero | tCPA 2026,wolf appliances,Campaign Negative Phrase
FL-PALM-BEACH | Sub-Zero | tCPA 2026,wolf appliances,Campaign Negative Phrase
FL-ORLANDO | Sub-Zero | tCPA 2026,wolf appliances,Campaign Negative Phrase
CHI-WEST | Sub-Zero | tCPA 2026,wolf appliances,Campaign Negative Phrase
FL-MIAMI-DADE | Sub-Zero | tCPA 2026,wolf appliances,Campaign Negative Phrase
CHI-NORTHWEST | Sub-Zero | tCPA 2026,wolf appliances,Campaign Negative Phrase
CHI-NORTH-SHORE | Sub-Zero | tCPA 2026,wolf appliances,Campaign Negative Phrase
CHI-WI-MI | Sub-Zero | tCPA 2026,wolf appliances,Campaign Negative Phrase
FL-SARASOTA | Sub-Zero | tCPA 2026,wolf appliances,Campaign Negative Phrase
CHI-INDIANA | Sub-Zero | tCPA 2026,wolf appliances,Campaign Negative Phrase
CHI-SOUTH | Sub-Zero | tCPA 2026,wolf appliances,Campaign Negative Phrase
FL-NAPLES-FORT-MYERS | Sub-Zero | tCPA 2026,wolf appliances,Campaign Negative Phrase
FL-PINELLAS | Sub-Zero | tCPA 2026,wolf appliances,Campaign Negative Phrase
FL-TAMPA | Sub-Zero | tCPA 2026,wolf appliances,Campaign Negative Phrase
FL-JACKSONVILLE | Sub-Zero | tCPA 2026,wolf appliances,Campaign Negative Phrase
FL-NORTH-CENTRAL | Sub-Zero | tCPA 2026,wolf appliances,Campaign Negative Phrase
FL-BROWARD | Sub-Zero | tCPA 2026,wolf microwave,Campaign Negative Phrase
CHI-CITY | Sub-Zero | tCPA 2026,wolf microwave,Campaign Negative Phrase
FL-PANHANDLE | Sub-Zero | tCPA 2026,wolf microwave,Campaign Negative Phrase
FL-PALM-BEACH | Sub-Zero | tCPA 2026,wolf microwave,Campaign Negative Phrase
FL-ORLANDO | Sub-Zero | tCPA 2026,wolf microwave,Campaign Negative Phrase
CHI-WEST | Sub-Zero | tCPA 2026,wolf microwave,Campaign Negative Phrase
FL-MIAMI-DADE | Sub-Zero | tCPA 2026,wolf microwave,Campaign Negative Phrase
CHI-NORTHWEST | Sub-Zero | tCPA 2026,wolf microwave,Campaign Negative Phrase
CHI-NORTH-SHORE | Sub-Zero | tCPA 2026,wolf microwave,Campaign Negative Phrase
CHI-WI-MI | Sub-Zero | tCPA 2026,wolf microwave,Campaign Negative Phrase
FL-SARASOTA | Sub-Zero | tCPA 2026,wolf microwave,Campaign Negative Phrase
CHI-INDIANA | Sub-Zero | tCPA 2026,wolf microwave,Campaign Negative Phrase
CHI-SOUTH | Sub-Zero | tCPA 2026,wolf microwave,Campaign Negative Phrase
FL-NAPLES-FORT-MYERS | Sub-Zero | tCPA 2026,wolf microwave,Campaign Negative Phrase
FL-PINELLAS | Sub-Zero | tCPA 2026,wolf microwave,Campaign Negative Phrase
FL-TAMPA | Sub-Zero | tCPA 2026,wolf microwave,Campaign Negative Phrase
FL-JACKSONVILLE | Sub-Zero | tCPA 2026,wolf microwave,Campaign Negative Phrase
FL-NORTH-CENTRAL | Sub-Zero | tCPA 2026,wolf microwave,Campaign Negative Phrase
FL-BROWARD | Sub-Zero | tCPA 2026,wolf grill,Campaign Negative Phrase
CHI-CITY | Sub-Zero | tCPA 2026,wolf grill,Campaign Negative Phrase
FL-PANHANDLE | Sub-Zero | tCPA 2026,wolf grill,Campaign Negative Phrase
FL-PALM-BEACH | Sub-Zero | tCPA 2026,wolf grill,Campaign Negative Phrase
FL-ORLANDO | Sub-Zero | tCPA 2026,wolf grill,Campaign Negative Phrase
CHI-WEST | Sub-Zero | tCPA 2026,wolf grill,Campaign Negative Phrase
FL-MIAMI-DADE | Sub-Zero | tCPA 2026,wolf grill,Campaign Negative Phrase
CHI-NORTHWEST | Sub-Zero | tCPA 2026,wolf grill,Campaign Negative Phrase
CHI-NORTH-SHORE | Sub-Zero | tCPA 2026,wolf grill,Campaign Negative Phrase
CHI-WI-MI | Sub-Zero | tCPA 2026,wolf grill,Campaign Negative Phrase
FL-SARASOTA | Sub-Zero | tCPA 2026,wolf grill,Campaign Negative Phrase
CHI-INDIANA | Sub-Zero | tCPA 2026,wolf grill,Campaign Negative Phrase
CHI-SOUTH | Sub-Zero | tCPA 2026,wolf grill,Campaign Negative Phrase
FL-NAPLES-FORT-MYERS | Sub-Zero | tCPA 2026,wolf grill,Campaign Negative Phrase
FL-PINELLAS | Sub-Zero | tCPA 2026,wolf grill,Campaign Negative Phrase
FL-TAMPA | Sub-Zero | tCPA 2026,wolf grill,Campaign Negative Phrase
FL-JACKSONVILLE | Sub-Zero | tCPA 2026,wolf grill,Campaign Negative Phrase
FL-NORTH-CENTRAL | Sub-Zero | tCPA 2026,wolf grill,Campaign Negative Phrase
FL-BROWARD | Sub-Zero | tCPA 2026,wolf cooktop,Campaign Negative Phrase
CHI-CITY | Sub-Zero | tCPA 2026,wolf cooktop,Campaign Negative Phrase
FL-PANHANDLE | Sub-Zero | tCPA 2026,wolf cooktop,Campaign Negative Phrase
FL-PALM-BEACH | Sub-Zero | tCPA 2026,wolf cooktop,Campaign Negative Phrase
FL-ORLANDO | Sub-Zero | tCPA 2026,wolf cooktop,Campaign Negative Phrase
CHI-WEST | Sub-Zero | tCPA 2026,wolf cooktop,Campaign Negative Phrase
FL-MIAMI-DADE | Sub-Zero | tCPA 2026,wolf cooktop,Campaign Negative Phrase
CHI-NORTHWEST | Sub-Zero | tCPA 2026,wolf cooktop,Campaign Negative Phrase
CHI-NORTH-SHORE | Sub-Zero | tCPA 2026,wolf cooktop,Campaign Negative Phrase
CHI-WI-MI | Sub-Zero | tCPA 2026,wolf cooktop,Campaign Negative Phrase
FL-SARASOTA | Sub-Zero | tCPA 2026,wolf cooktop,Campaign Negative Phrase
CHI-INDIANA | Sub-Zero | tCPA 2026,wolf cooktop,Campaign Negative Phrase
CHI-SOUTH | Sub-Zero | tCPA 2026,wolf cooktop,Campaign Negative Phrase
FL-NAPLES-FORT-MYERS | Sub-Zero | tCPA 2026,wolf cooktop,Campaign Negative Phrase
FL-PINELLAS | Sub-Zero | tCPA 2026,wolf cooktop,Campaign Negative Phrase
FL-TAMPA | Sub-Zero | tCPA 2026,wolf cooktop,Campaign Negative Phrase
FL-JACKSONVILLE | Sub-Zero | tCPA 2026,wolf cooktop,Campaign Negative Phrase
FL-NORTH-CENTRAL | Sub-Zero | tCPA 2026,wolf cooktop,Campaign Negative Phrase
FL-BROWARD | Sub-Zero | tCPA 2026,miele,Campaign Negative Phrase
CHI-CITY | Sub-Zero | tCPA 2026,miele,Campaign Negative Phrase
FL-PANHANDLE | Sub-Zero | tCPA 2026,miele,Campaign Negative Phrase
FL-PALM-BEACH | Sub-Zero | tCPA 2026,miele,Campaign Negative Phrase
FL-ORLANDO | Sub-Zero | tCPA 2026,miele,Campaign Negative Phrase
CHI-WEST | Sub-Zero | tCPA 2026,miele,Campaign Negative Phrase
FL-MIAMI-DADE | Sub-Zero | tCPA 2026,miele,Campaign Negative Phrase
CHI-NORTHWEST | Sub-Zero | tCPA 2026,miele,Campaign Negative Phrase
CHI-NORTH-SHORE | Sub-Zero | tCPA 2026,miele,Campaign Negative Phrase
CHI-WI-MI | Sub-Zero | tCPA 2026,miele,Campaign Negative Phrase
FL-SARASOTA | Sub-Zero | tCPA 2026,miele,Campaign Negative Phrase
CHI-INDIANA | Sub-Zero | tCPA 2026,miele,Campaign Negative Phrase
CHI-SOUTH | Sub-Zero | tCPA 2026,miele,Campaign Negative Phrase
FL-NAPLES-FORT-MYERS | Sub-Zero | tCPA 2026,miele,Campaign Negative Phrase
FL-PINELLAS | Sub-Zero | tCPA 2026,miele,Campaign Negative Phrase
FL-TAMPA | Sub-Zero | tCPA 2026,miele,Campaign Negative Phrase
FL-JACKSONVILLE | Sub-Zero | tCPA 2026,miele,Campaign Negative Phrase
FL-NORTH-CENTRAL | Sub-Zero | tCPA 2026,miele,Campaign Negative Phrase
FL-BROWARD | Sub-Zero | tCPA 2026,cove appliance,Campaign Negative Phrase
CHI-CITY | Sub-Zero | tCPA 2026,cove appliance,Campaign Negative Phrase
FL-PANHANDLE | Sub-Zero | tCPA 2026,cove appliance,Campaign Negative Phrase
FL-PALM-BEACH | Sub-Zero | tCPA 2026,cove appliance,Campaign Negative Phrase
FL-ORLANDO | Sub-Zero | tCPA 2026,cove appliance,Campaign Negative Phrase
CHI-WEST | Sub-Zero | tCPA 2026,cove appliance,Campaign Negative Phrase
FL-MIAMI-DADE | Sub-Zero | tCPA 2026,cove appliance,Campaign Negative Phrase
CHI-NORTHWEST | Sub-Zero | tCPA 2026,cove appliance,Campaign Negative Phrase
CHI-NORTH-SHORE | Sub-Zero | tCPA 2026,cove appliance,Campaign Negative Phrase
CHI-WI-MI | Sub-Zero | tCPA 2026,cove appliance,Campaign Negative Phrase
FL-SARASOTA | Sub-Zero | tCPA 2026,cove appliance,Campaign Negative Phrase
CHI-INDIANA | Sub-Zero | tCPA 2026,cove appliance,Campaign Negative Phrase
CHI-SOUTH | Sub-Zero | tCPA 2026,cove appliance,Campaign Negative Phrase
FL-NAPLES-FORT-MYERS | Sub-Zero | tCPA 2026,cove appliance,Campaign Negative Phrase
FL-PINELLAS | Sub-Zero | tCPA 2026,cove appliance,Campaign Negative Phrase
FL-TAMPA | Sub-Zero | tCPA 2026,cove appliance,Campaign Negative Phrase
FL-JACKSONVILLE | Sub-Zero | tCPA 2026,cove appliance,Campaign Negative Phrase
FL-NORTH-CENTRAL | Sub-Zero | tCPA 2026,cove appliance,Campaign Negative Phrase
FL-BROWARD | Sub-Zero | tCPA 2026,cove repair,Campaign Negative Phrase
CHI-CITY | Sub-Zero | tCPA 2026,cove repair,Campaign Negative Phrase
FL-PANHANDLE | Sub-Zero | tCPA 2026,cove repair,Campaign Negative Phrase
FL-PALM-BEACH | Sub-Zero | tCPA 2026,cove repair,Campaign Negative Phrase
FL-ORLANDO | Sub-Zero | tCPA 2026,cove repair,Campaign Negative Phrase
CHI-WEST | Sub-Zero | tCPA 2026,cove repair,Campaign Negative Phrase
FL-MIAMI-DADE | Sub-Zero | tCPA 2026,cove repair,Campaign Negative Phrase
CHI-NORTHWEST | Sub-Zero | tCPA 2026,cove repair,Campaign Negative Phrase
CHI-NORTH-SHORE | Sub-Zero | tCPA 2026,cove repair,Campaign Negative Phrase
CHI-WI-MI | Sub-Zero | tCPA 2026,cove repair,Campaign Negative Phrase
FL-SARASOTA | Sub-Zero | tCPA 2026,cove repair,Campaign Negative Phrase
CHI-INDIANA | Sub-Zero | tCPA 2026,cove repair,Campaign Negative Phrase
CHI-SOUTH | Sub-Zero | tCPA 2026,cove repair,Campaign Negative Phrase
FL-NAPLES-FORT-MYERS | Sub-Zero | tCPA 2026,cove repair,Campaign Negative Phrase
FL-PINELLAS | Sub-Zero | tCPA 2026,cove repair,Campaign Negative Phrase
FL-TAMPA | Sub-Zero | tCPA 2026,cove repair,Campaign Negative Phrase
FL-JACKSONVILLE | Sub-Zero | tCPA 2026,cove repair,Campaign Negative Phrase
FL-NORTH-CENTRAL | Sub-Zero | tCPA 2026,cove repair,Campaign Negative Phrase
