Campaign,Ad Group,Keyword,Criterion Type,Final URL
CHICAGO | Lux Search | MaxConv 2026,"05 Wolf | Range, Cooktop & Grill",wolf stove repair near me,Exact,https://sterling-homegroup.com/chicago/wolf-range-repair.php
CHICAGO | Lux Search | MaxConv 2026,06 Wolf | Oven & General,wolf repair near me,Exact,https://sterling-homegroup.com/chicago/wolf.php
CHICAGO | Lux Search | MaxConv 2026,"10 Miele | Kitchen, Laundry & General",miele technician near me,Exact,https://sterling-homegroup.com/chicago/miele.php
CHICAGO | Lux Search | MaxConv 2026,15 Other Luxury Brands (PAUSED),marvel wine cooler repair,Exact,https://sterling-homegroup.com/chicago/
CHICAGO | Lux Search | MaxConv 2026,15 Other Luxury Brands (PAUSED),fisher and paykel service near me,Exact,https://sterling-homegroup.com/chicago/
CHICAGO | Lux Search | MaxConv 2026,15 Other Luxury Brands (PAUSED),dacor repair,Exact,https://sterling-homegroup.com/chicago/
CHICAGO | Lux Search | MaxConv 2026,"12 Thermador | Fridge, Dishwasher & General",thermador repair chicago il,Exact,https://sterling-homegroup.com/chicago/thermador.php
CHICAGO | Lux Search | MaxConv 2026,03 Sub-Zero | Repair General,sub zero service near me,Exact,https://sterling-homegroup.com/chicago/subzero.php
MIAMI | Lux Search | tCPA 2026,"12 Thermador | Fridge, Dishwasher & General",thermador service miami,Exact,https://sterling-homegroup.com/miami/thermador.php
TAMPA | Lux Search | tCPA 2026,"11 Thermador | Range, Cooktop & Oven",thermador gas stove repair,Exact,https://sterling-homegroup.com/thermador-range-repair.php
TAMPA | Lux Search | tCPA 2026,"07 Viking | Range, Cooktop & Oven",viking oven repair near me,Exact,https://sterling-homegroup.com/viking-oven-repair.php
CHI-NORTHWEST | Sub-Zero | tCPA 2026,01 SZ | Refrigerator Repair,subzero refrigerator repair near me,Exact,https://subzero-repair.site/chicago/refrigerator-repair
