Campaign,Ad Group,Keyword,Criterion Type,Status
DESTIN | Lux Search | tCPA 2026,17 Vacation Rentals & Property Managers,appliance repair santa rosa beach,Phrase,Paused
CHICAGO | Lux Search | MaxConv 2026,06 Wolf | Oven & General,wolf repair near me,Phrase,Paused
CHICAGO | Lux Search | MaxConv 2026,15 Other Luxury Brands (PAUSED),jenn air appliance repair,Phrase,Paused
CHICAGO | Lux Search | MaxConv 2026,15 Other Luxury Brands (PAUSED),jennair repair,Phrase,Paused
MIAMI | Lux Search | tCPA 2026,16 Other Luxury Brands (PAUSED),jenn air appliance repair,Phrase,Paused
MIAMI | Lux Search | tCPA 2026,16 Other Luxury Brands (PAUSED),jennair repair,Phrase,Paused
TAMPA | Lux Search | tCPA 2026,16 Other Luxury Brands (PAUSED),jenn air appliance repair,Phrase,Paused
TAMPA | Lux Search | tCPA 2026,16 Other Luxury Brands (PAUSED),jennair repair,Phrase,Paused
CHICAGO | Lux Search | MaxConv 2026,15 Other Luxury Brands (PAUSED),fisher and paykel repair,Phrase,Paused
CHICAGO | Lux Search | MaxConv 2026,15 Other Luxury Brands (PAUSED),fisher paykel repair,Phrase,Paused
MIAMI | Lux Search | tCPA 2026,16 Other Luxury Brands (PAUSED),fisher and paykel repair,Phrase,Paused
MIAMI | Lux Search | tCPA 2026,16 Other Luxury Brands (PAUSED),fisher paykel repair,Phrase,Paused
TAMPA | Lux Search | tCPA 2026,16 Other Luxury Brands (PAUSED),fisher and paykel repair,Phrase,Paused
TAMPA | Lux Search | tCPA 2026,16 Other Luxury Brands (PAUSED),fisher paykel repair,Phrase,Paused
DESTIN | Lux Search | tCPA 2026,16 Other Luxury Brands,fisher and paykel repair,Phrase,Paused
DESTIN | Lux Search | tCPA 2026,16 Other Luxury Brands,fisher paykel repair,Phrase,Paused
DESTIN | Lux Search | tCPA 2026,16 Other Luxury Brands,jenn air appliance repair,Phrase,Paused
DESTIN | Lux Search | tCPA 2026,16 Other Luxury Brands,jennair repair,Phrase,Paused
MIAMI | Lux Search | tCPA 2026,14 Luxury & Built-In (No Brand),luxury appliance repair,Phrase,Paused
TAMPA | Lux Search | tCPA 2026,14 Luxury & Built-In (No Brand),luxury appliance repair,Phrase,Paused
CHICAGO | Lux Search | MaxConv 2026,14 Luxury & Built-In (No Brand),luxury appliance repair,Phrase,Paused
DESTIN | Lux Search | tCPA 2026,14 Luxury & Built-In (No Brand),luxury appliance repair,Phrase,Paused
MIAMI | Lux Search | tCPA 2026,"12 Thermador | Fridge, Dishwasher & General",thermador service,Phrase,Paused
CHICAGO | Lux Search | MaxConv 2026,06 Wolf | Oven & General,wolf authorized service,Phrase,Paused
FL-MIAMI-DADE | Sub-Zero | tCPA 2026,12 SZ | Installation,sub zero replacement,Phrase,Paused
